
> volin@0.1.0 dev
> next dev --port 12000 --hostname 0.0.0.0

   ▲ Next.js 16.0.0 (Turbopack)
   - Local:        http://localhost:12000
   - Network:      http://0.0.0.0:12000
   - Environments: .env.local

 ✓ Starting...
 ✓ Ready in 641ms
 ○ Compiling / ...
 GET / 200 in 4.6s (compile: 4.3s, render: 332ms)
 GET / 200 in 44ms (compile: 5ms, render: 39ms)
 GET / 200 in 41ms (compile: 4ms, render: 37ms)
 GET / 200 in 46ms (compile: 4ms, render: 42ms)
 GET / 200 in 37ms (compile: 3ms, render: 35ms)
 GET / 200 in 37ms (compile: 3ms, render: 35ms)
 GET / 200 in 62ms (compile: 4ms, render: 58ms)
 GET / 200 in 37ms (compile: 3ms, render: 34ms)
 GET / 200 in 43ms (compile: 4ms, render: 39ms)
 GET / 200 in 39ms (compile: 4ms, render: 36ms)
 ⨯ upstream image response failed for https://play-lh.googleusercontent.com/BKKLaJj7vs6NNYQeOF_-v_KmF6gPn-9Hqb8cGhHvpJzOZOQrUoNJJjJJJJJJJJJJJJJ=w240-h480-rw 400
 ⨯ upstream image response failed for https://play-lh.googleusercontent.com/VRMWkE5p3CkWhJs6nv-9ZsLAs1QOg5ob1_3qg-rckwYW7yp1fIGj_pjNqEQ6Sn2AfvU=w240-h480-rw 400
 ⚠ Cross origin request detected from work-1-xzsjipkdmooawkcg.prod-runtime.all-hands.dev to /_next/* resource. In a future major version of Next.js, you will need to explicitly configure "allowedDevOrigins" in next.config to allow this.
Read more: https://nextjs.org/docs/app/api-reference/config/next-config-js/allowedDevOrigins
 ✓ Compiled in 48ms
 ⨯ upstream image response failed for https://play-lh.googleusercontent.com/BKKLaJj7vs6NNYQeOF_-v_KmF6gPn-9Hqb8cGhHvpJzOZOQrUoNJJjJJJJJJJJJJJJJ=w240-h480-rw 400
 ⨯ upstream image response failed for https://play-lh.googleusercontent.com/VRMWkE5p3CkWhJs6nv-9ZsLAs1QOg5ob1_3qg-rckwYW7yp1fIGj_pjNqEQ6Sn2AfvU=w240-h480-rw 400
 ⨯ upstream image response failed for https://play-lh.googleusercontent.com/BKKLaJj7vs6NNYQeOF_-v_KmF6gPn-9Hqb8cGhHvpJzOZOQrUoNJJjJJJJJJJJJJJJJ=w240-h480-rw 400
 ⨯ upstream image response failed for https://play-lh.googleusercontent.com/VRMWkE5p3CkWhJs6nv-9ZsLAs1QOg5ob1_3qg-rckwYW7yp1fIGj_pjNqEQ6Sn2AfvU=w240-h480-rw 400
 ⨯ upstream image response failed for https://play-lh.googleusercontent.com/BKKLaJj7vs6NNYQeOF_-v_KmF6gPn-9Hqb8cGhHvpJzOZOQrUoNJJjJJJJJJJJJJJJJ=w240-h480-rw 400
 ⨯ upstream image response failed for https://play-lh.googleusercontent.com/VRMWkE5p3CkWhJs6nv-9ZsLAs1QOg5ob1_3qg-rckwYW7yp1fIGj_pjNqEQ6Sn2AfvU=w240-h480-rw 400
 ⨯ upstream image response failed for https://play-lh.googleusercontent.com/VRMWkE5p3CkWhJs6nv-9ZsLAs1QOg5ob1_3qg-rckwYW7yp1fIGj_pjNqEQ6Sn2AfvU=w240-h480-rw 400
 ⨯ upstream image response failed for https://play-lh.googleusercontent.com/BKKLaJj7vs6NNYQeOF_-v_KmF6gPn-9Hqb8cGhHvpJzOZOQrUoNJJjJJJJJJJJJJJJJ=w240-h480-rw 400
 ⨯ upstream image response failed for https://play-lh.googleusercontent.com/VRMWkE5p3CkWhJs6nv-9ZsLAs1QOg5ob1_3qg-rckwYW7yp1fIGj_pjNqEQ6Sn2AfvU=w240-h480-rw 400
 ⨯ upstream image response failed for https://play-lh.googleusercontent.com/BKKLaJj7vs6NNYQeOF_-v_KmF6gPn-9Hqb8cGhHvpJzOZOQrUoNJJjJJJJJJJJJJJJJ=w240-h480-rw 400
 ⨯ upstream image response failed for https://play-lh.googleusercontent.com/VRMWkE5p3CkWhJs6nv-9ZsLAs1QOg5ob1_3qg-rckwYW7yp1fIGj_pjNqEQ6Sn2AfvU=w240-h480-rw 400
 ⨯ upstream image response failed for https://play-lh.googleusercontent.com/BKKLaJj7vs6NNYQeOF_-v_KmF6gPn-9Hqb8cGhHvpJzOZOQrUoNJJjJJJJJJJJJJJJJ=w240-h480-rw 400
 ⨯ upstream image response failed for https://play-lh.googleusercontent.com/VRMWkE5p3CkWhJs6nv-9ZsLAs1QOg5ob1_3qg-rckwYW7yp1fIGj_pjNqEQ6Sn2AfvU=w240-h480-rw 400
 ⨯ upstream image response failed for https://play-lh.googleusercontent.com/BKKLaJj7vs6NNYQeOF_-v_KmF6gPn-9Hqb8cGhHvpJzOZOQrUoNJJjJJJJJJJJJJJJJ=w240-h480-rw 400
 GET /auth/register 200 in 974ms (compile: 938ms, render: 36ms)
 ⨯ upstream image response failed for https://play-lh.googleusercontent.com/VRMWkE5p3CkWhJs6nv-9ZsLAs1QOg5ob1_3qg-rckwYW7yp1fIGj_pjNqEQ6Sn2AfvU=w240-h480-rw 400
 ⨯ upstream image response failed for https://play-lh.googleusercontent.com/BKKLaJj7vs6NNYQeOF_-v_KmF6gPn-9Hqb8cGhHvpJzOZOQrUoNJJjJJJJJJJJJJJJJ=w240-h480-rw 400
 GET /settings 200 in 595ms (compile: 574ms, render: 20ms)
 GET /settings/profile 404 in 678ms (compile: 626ms, render: 52ms)
 GET /settings/profile 404 in 55ms (compile: 5ms, render: 51ms)
 GET /settings 200 in 49ms (compile: 4ms, render: 44ms)
 GET /settings/afraa-billie 200 in 506ms (compile: 485ms, render: 21ms)
 ⨯ upstream image response failed for https://images.unsplash.com/photo-1494790108755-2616c9c1e4a3?w=400&h=600&fit=crop 404
 ⨯ upstream image response failed for https://images.unsplash.com/photo-1494790108755-2616c9c1e4a3?w=400&h=600&fit=crop 404
 GET /search 200 in 520ms (compile: 500ms, render: 19ms)
 HEAD / 200 in 351ms (compile: 81ms, render: 270ms)
 ⨯ upstream image response failed for https://play-lh.googleusercontent.com/LByrur1mTmPeNr0ljI-uAUcct1rzmTve5Esau1SwoAzjBXQUby6uHIfHbF9HAqSOrKU=w240-h480-rw 400
 ⨯ upstream image response failed for https://play-lh.googleusercontent.com/JRd05pyBH41qjgsJuWduRJpDeZG0Hnb0yjf2nWqO7VaGTzI6mdQqHEwWH8kCTSClbQ=w240-h480-rw 400
 ⨯ upstream image response failed for https://play-lh.googleusercontent.com/VRMWkE5p3CkWhJs6nv-9ZsLAs1QOg5ob1_3qg-rckwYW7yp1fIGj_pjNqEQ6Sn2AfvU=w240-h480-rw 400
 ⨯ upstream image response failed for https://play-lh.googleusercontent.com/8ddL1kuoNUB5vUvgDVjYY7RzVUJSnOLoGNRRzqx8pXdXJnhLdAykBqRqiWKaWkOQSg=w240-h480-rw 400
 ⨯ upstream image response failed for https://play-lh.googleusercontent.com/JRd05pyBH41qjgsJuWduRJpDeZG0Hnb0yjf2nWqO7VaGTzI6mdQqHEwWH8kCTSClbQ=w240-h480-rw 400
 ⨯ upstream image response failed for https://play-lh.googleusercontent.com/LByrur1mTmPeNr0ljI-uAUcct1rzmTve5Esau1SwoAzjBXQUby6uHIfHbF9HAqSOrKU=w240-h480-rw 400
 ⨯ upstream image response failed for https://play-lh.googleusercontent.com/VRMWkE5p3CkWhJs6nv-9ZsLAs1QOg5ob1_3qg-rckwYW7yp1fIGj_pjNqEQ6Sn2AfvU=w240-h480-rw 400
 ⨯ upstream image response failed for https://play-lh.googleusercontent.com/8ddL1kuoNUB5vUvgDVjYY7RzVUJSnOLoGNRRzqx8pXdXJnhLdAykBqRqiWKaWkOQSg=w240-h480-rw 400
 ⨯ upstream image response failed for https://play-lh.googleusercontent.com/LByrur1mTmPeNr0ljI-uAUcct1rzmTve5Esau1SwoAzjBXQUby6uHIfHbF9HAqSOrKU=w240-h480-rw 400
 ⨯ upstream image response failed for https://play-lh.googleusercontent.com/8ddL1kuoNUB5vUvgDVjYY7RzVUJSnOLoGNRRzqx8pXdXJnhLdAykBqRqiWKaWkOQSg=w240-h480-rw 400
 ⨯ upstream image response failed for https://play-lh.googleusercontent.com/VRMWkE5p3CkWhJs6nv-9ZsLAs1QOg5ob1_3qg-rckwYW7yp1fIGj_pjNqEQ6Sn2AfvU=w240-h480-rw 400
 ⨯ upstream image response failed for https://play-lh.googleusercontent.com/JRd05pyBH41qjgsJuWduRJpDeZG0Hnb0yjf2nWqO7VaGTzI6mdQqHEwWH8kCTSClbQ=w240-h480-rw 400
 HEAD / 200 in 36ms (compile: 3ms, render: 33ms)
 ⨯ upstream image response failed for https://play-lh.googleusercontent.com/LByrur1mTmPeNr0ljI-uAUcct1rzmTve5Esau1SwoAzjBXQUby6uHIfHbF9HAqSOrKU=w240-h480-rw 400
 ⨯ upstream image response failed for https://play-lh.googleusercontent.com/8ddL1kuoNUB5vUvgDVjYY7RzVUJSnOLoGNRRzqx8pXdXJnhLdAykBqRqiWKaWkOQSg=w240-h480-rw 400
 ⨯ upstream image response failed for https://play-lh.googleusercontent.com/JRd05pyBH41qjgsJuWduRJpDeZG0Hnb0yjf2nWqO7VaGTzI6mdQqHEwWH8kCTSClbQ=w240-h480-rw 400
 ⨯ upstream image response failed for https://play-lh.googleusercontent.com/VRMWkE5p3CkWhJs6nv-9ZsLAs1QOg5ob1_3qg-rckwYW7yp1fIGj_pjNqEQ6Sn2AfvU=w240-h480-rw 400
 ⨯ upstream image response failed for https://play-lh.googleusercontent.com/LByrur1mTmPeNr0ljI-uAUcct1rzmTve5Esau1SwoAzjBXQUby6uHIfHbF9HAqSOrKU=w240-h480-rw 400
 ⨯ upstream image response failed for https://play-lh.googleusercontent.com/8ddL1kuoNUB5vUvgDVjYY7RzVUJSnOLoGNRRzqx8pXdXJnhLdAykBqRqiWKaWkOQSg=w240-h480-rw 400
 ⨯ upstream image response failed for https://play-lh.googleusercontent.com/VRMWkE5p3CkWhJs6nv-9ZsLAs1QOg5ob1_3qg-rckwYW7yp1fIGj_pjNqEQ6Sn2AfvU=w240-h480-rw 400
 ⨯ upstream image response failed for https://play-lh.googleusercontent.com/JRd05pyBH41qjgsJuWduRJpDeZG0Hnb0yjf2nWqO7VaGTzI6mdQqHEwWH8kCTSClbQ=w240-h480-rw 400
 GET / 200 in 15ms (compile: 3ms, render: 12ms)
 ⨯ upstream image response failed for https://play-lh.googleusercontent.com/BKKLaJj7vs6NNYQeOF_-v_KmF6gPn-9Hqb8cGhHvpJzOZOQrUoNJJjJJJJJJJJJJJJJ=w240-h480-rw 400
 ⨯ upstream image response failed for https://play-lh.googleusercontent.com/LByrur1mTmPeNr0ljI-uAUcct1rzmTve5Esau1SwoAzjBXQUby6uHIfHbF9HAqSOrKU=w240-h480-rw 400
 ⨯ upstream image response failed for https://play-lh.googleusercontent.com/8ddL1kuoNUB5vUvgDVjYY7RzVUJSnOLoGNRRzqx8pXdXJnhLdAykBqRqiWKaWkOQSg=w240-h480-rw 400
 ⨯ upstream image response failed for https://play-lh.googleusercontent.com/JRd05pyBH41qjgsJuWduRJpDeZG0Hnb0yjf2nWqO7VaGTzI6mdQqHEwWH8kCTSClbQ=w240-h480-rw 400
 ⨯ upstream image response failed for https://play-lh.googleusercontent.com/VRMWkE5p3CkWhJs6nv-9ZsLAs1QOg5ob1_3qg-rckwYW7yp1fIGj_pjNqEQ6Sn2AfvU=w240-h480-rw 400
 ⨯ upstream image response failed for https://play-lh.googleusercontent.com/BKKLaJj7vs6NNYQeOF_-v_KmF6gPn-9Hqb8cGhHvpJzOZOQrUoNJJjJJJJJJJJJJJJJ=w240-h480-rw 400
 ⨯ upstream image response failed for https://play-lh.googleusercontent.com/VRMWkE5p3CkWhJs6nv-9ZsLAs1QOg5ob1_3qg-rckwYW7yp1fIGj_pjNqEQ6Sn2AfvU=w240-h480-rw 400
 ⨯ upstream image response failed for https://play-lh.googleusercontent.com/VRMWkE5p3CkWhJs6nv-9ZsLAs1QOg5ob1_3qg-rckwYW7yp1fIGj_pjNqEQ6Sn2AfvU=w240-h480-rw 400
 ⨯ upstream image response failed for https://play-lh.googleusercontent.com/BKKLaJj7vs6NNYQeOF_-v_KmF6gPn-9Hqb8cGhHvpJzOZOQrUoNJJjJJJJJJJJJJJJJ=w240-h480-rw 400
 ⨯ upstream image response failed for https://play-lh.googleusercontent.com/BKKLaJj7vs6NNYQeOF_-v_KmF6gPn-9Hqb8cGhHvpJzOZOQrUoNJJjJJJJJJJJJJJJJ=w240-h480-rw 400
 ⨯ upstream image response failed for https://play-lh.googleusercontent.com/VRMWkE5p3CkWhJs6nv-9ZsLAs1QOg5ob1_3qg-rckwYW7yp1fIGj_pjNqEQ6Sn2AfvU=w240-h480-rw 400
 ⨯ upstream image response failed for https://play-lh.googleusercontent.com/BKKLaJj7vs6NNYQeOF_-v_KmF6gPn-9Hqb8cGhHvpJzOZOQrUoNJJjJJJJJJJJJJJJJ=w240-h480-rw 400
 ⨯ upstream image response failed for https://play-lh.googleusercontent.com/VRMWkE5p3CkWhJs6nv-9ZsLAs1QOg5ob1_3qg-rckwYW7yp1fIGj_pjNqEQ6Sn2AfvU=w240-h480-rw 400
 ⨯ upstream image response failed for https://play-lh.googleusercontent.com/BKKLaJj7vs6NNYQeOF_-v_KmF6gPn-9Hqb8cGhHvpJzOZOQrUoNJJjJJJJJJJJJJJJJ=w240-h480-rw 400
 ⨯ upstream image response failed for https://play-lh.googleusercontent.com/VRMWkE5p3CkWhJs6nv-9ZsLAs1QOg5ob1_3qg-rckwYW7yp1fIGj_pjNqEQ6Sn2AfvU=w240-h480-rw 400
 GET /settings 200 in 17ms (compile: 3ms, render: 14ms)
 ⨯ upstream image response failed for https://play-lh.googleusercontent.com/VRMWkE5p3CkWhJs6nv-9ZsLAs1QOg5ob1_3qg-rckwYW7yp1fIGj_pjNqEQ6Sn2AfvU=w240-h480-rw 400
 ⨯ upstream image response failed for https://play-lh.googleusercontent.com/BKKLaJj7vs6NNYQeOF_-v_KmF6gPn-9Hqb8cGhHvpJzOZOQrUoNJJjJJJJJJJJJJJJJ=w240-h480-rw 400
 GET /settings/about-voxin 404 in 16ms (compile: 3ms, render: 12ms)
 GET /settings/about-voxin 404 in 47ms (compile: 6ms, render: 42ms)
 GET /settings 200 in 67ms (compile: 3ms, render: 65ms)
 GET /settings/terms 404 in 19ms (compile: 5ms, render: 14ms)
 GET /settings/terms 404 in 41ms (compile: 3ms, render: 38ms)
 GET / 200 in 40ms (compile: 4ms, render: 37ms)
 GET / 200 in 52ms (compile: 2ms, render: 49ms)
 GET / 200 in 14ms (compile: 3ms, render: 10ms)
 ⨯ upstream image response failed for https://play-lh.googleusercontent.com/BKKLaJj7vs6NNYQeOF_-v_KmF6gPn-9Hqb8cGhHvpJzOZOQrUoNJJjJJJJJJJJJJJJJ=w240-h480-rw 400
 ⨯ upstream image response failed for https://play-lh.googleusercontent.com/VRMWkE5p3CkWhJs6nv-9ZsLAs1QOg5ob1_3qg-rckwYW7yp1fIGj_pjNqEQ6Sn2AfvU=w240-h480-rw 400
 ⨯ upstream image response failed for https://play-lh.googleusercontent.com/VRMWkE5p3CkWhJs6nv-9ZsLAs1QOg5ob1_3qg-rckwYW7yp1fIGj_pjNqEQ6Sn2AfvU=w240-h480-rw 400
 ⨯ upstream image response failed for https://play-lh.googleusercontent.com/BKKLaJj7vs6NNYQeOF_-v_KmF6gPn-9Hqb8cGhHvpJzOZOQrUoNJJjJJJJJJJJJJJJJ=w240-h480-rw 400
 ⨯ upstream image response failed for https://play-lh.googleusercontent.com/VRMWkE5p3CkWhJs6nv-9ZsLAs1QOg5ob1_3qg-rckwYW7yp1fIGj_pjNqEQ6Sn2AfvU=w240-h480-rw 400
 ⨯ upstream image response failed for https://play-lh.googleusercontent.com/BKKLaJj7vs6NNYQeOF_-v_KmF6gPn-9Hqb8cGhHvpJzOZOQrUoNJJjJJJJJJJJJJJJJ=w240-h480-rw 400
 ⨯ upstream image response failed for https://play-lh.googleusercontent.com/VRMWkE5p3CkWhJs6nv-9ZsLAs1QOg5ob1_3qg-rckwYW7yp1fIGj_pjNqEQ6Sn2AfvU=w240-h480-rw 400
 ⨯ upstream image response failed for https://play-lh.googleusercontent.com/BKKLaJj7vs6NNYQeOF_-v_KmF6gPn-9Hqb8cGhHvpJzOZOQrUoNJJjJJJJJJJJJJJJJ=w240-h480-rw 400
 ⨯ upstream image response failed for https://play-lh.googleusercontent.com/BKKLaJj7vs6NNYQeOF_-v_KmF6gPn-9Hqb8cGhHvpJzOZOQrUoNJJjJJJJJJJJJJJJJ=w240-h480-rw 400
 ⨯ upstream image response failed for https://play-lh.googleusercontent.com/VRMWkE5p3CkWhJs6nv-9ZsLAs1QOg5ob1_3qg-rckwYW7yp1fIGj_pjNqEQ6Sn2AfvU=w240-h480-rw 400
 ⨯ upstream image response failed for https://play-lh.googleusercontent.com/BKKLaJj7vs6NNYQeOF_-v_KmF6gPn-9Hqb8cGhHvpJzOZOQrUoNJJjJJJJJJJJJJJJJ=w240-h480-rw 400
 ⨯ upstream image response failed for https://play-lh.googleusercontent.com/VRMWkE5p3CkWhJs6nv-9ZsLAs1QOg5ob1_3qg-rckwYW7yp1fIGj_pjNqEQ6Sn2AfvU=w240-h480-rw 400
 ⨯ upstream image response failed for https://play-lh.googleusercontent.com/VRMWkE5p3CkWhJs6nv-9ZsLAs1QOg5ob1_3qg-rckwYW7yp1fIGj_pjNqEQ6Sn2AfvU=w240-h480-rw 400
 ⨯ upstream image response failed for https://play-lh.googleusercontent.com/BKKLaJj7vs6NNYQeOF_-v_KmF6gPn-9Hqb8cGhHvpJzOZOQrUoNJJjJJJJJJJJJJJJJ=w240-h480-rw 400
 ⨯ upstream image response failed for https://play-lh.googleusercontent.com/VRMWkE5p3CkWhJs6nv-9ZsLAs1QOg5ob1_3qg-rckwYW7yp1fIGj_pjNqEQ6Sn2AfvU=w240-h480-rw 400
 ⨯ upstream image response failed for https://play-lh.googleusercontent.com/BKKLaJj7vs6NNYQeOF_-v_KmF6gPn-9Hqb8cGhHvpJzOZOQrUoNJJjJJJJJJJJJJJJJ=w240-h480-rw 400
 ⨯ upstream image response failed for https://play-lh.googleusercontent.com/BKKLaJj7vs6NNYQeOF_-v_KmF6gPn-9Hqb8cGhHvpJzOZOQrUoNJJjJJJJJJJJJJJJJ=w240-h480-rw 400
 ⨯ upstream image response failed for https://play-lh.googleusercontent.com/VRMWkE5p3CkWhJs6nv-9ZsLAs1QOg5ob1_3qg-rckwYW7yp1fIGj_pjNqEQ6Sn2AfvU=w240-h480-rw 400
 ⨯ upstream image response failed for https://play-lh.googleusercontent.com/VRMWkE5p3CkWhJs6nv-9ZsLAs1QOg5ob1_3qg-rckwYW7yp1fIGj_pjNqEQ6Sn2AfvU=w240-h480-rw 400
 ⨯ upstream image response failed for https://play-lh.googleusercontent.com/BKKLaJj7vs6NNYQeOF_-v_KmF6gPn-9Hqb8cGhHvpJzOZOQrUoNJJjJJJJJJJJJJJJJ=w240-h480-rw 400
 ⨯ upstream image response failed for https://play-lh.googleusercontent.com/BKKLaJj7vs6NNYQeOF_-v_KmF6gPn-9Hqb8cGhHvpJzOZOQrUoNJJjJJJJJJJJJJJJJ=w240-h480-rw 400
 ⨯ upstream image response failed for https://play-lh.googleusercontent.com/VRMWkE5p3CkWhJs6nv-9ZsLAs1QOg5ob1_3qg-rckwYW7yp1fIGj_pjNqEQ6Sn2AfvU=w240-h480-rw 400
 ⨯ upstream image response failed for https://play-lh.googleusercontent.com/BKKLaJj7vs6NNYQeOF_-v_KmF6gPn-9Hqb8cGhHvpJzOZOQrUoNJJjJJJJJJJJJJJJJ=w240-h480-rw 400
 ⨯ upstream image response failed for https://play-lh.googleusercontent.com/VRMWkE5p3CkWhJs6nv-9ZsLAs1QOg5ob1_3qg-rckwYW7yp1fIGj_pjNqEQ6Sn2AfvU=w240-h480-rw 400
 ⨯ upstream image response failed for https://play-lh.googleusercontent.com/BKKLaJj7vs6NNYQeOF_-v_KmF6gPn-9Hqb8cGhHvpJzOZOQrUoNJJjJJJJJJJJJJJJJ=w240-h480-rw 400
 ⨯ upstream image response failed for https://play-lh.googleusercontent.com/VRMWkE5p3CkWhJs6nv-9ZsLAs1QOg5ob1_3qg-rckwYW7yp1fIGj_pjNqEQ6Sn2AfvU=w240-h480-rw 400
 GET / 200 in 40ms (compile: 3ms, render: 37ms)
 ⨯ upstream image response failed for https://play-lh.googleusercontent.com/VRMWkE5p3CkWhJs6nv-9ZsLAs1QOg5ob1_3qg-rckwYW7yp1fIGj_pjNqEQ6Sn2AfvU=w240-h480-rw 400
 ⨯ upstream image response failed for https://play-lh.googleusercontent.com/BKKLaJj7vs6NNYQeOF_-v_KmF6gPn-9Hqb8cGhHvpJzOZOQrUoNJJjJJJJJJJJJJJJJ=w240-h480-rw 400
 ⨯ upstream image response failed for https://play-lh.googleusercontent.com/BKKLaJj7vs6NNYQeOF_-v_KmF6gPn-9Hqb8cGhHvpJzOZOQrUoNJJjJJJJJJJJJJJJJ=w240-h480-rw 400
 ⨯ upstream image response failed for https://play-lh.googleusercontent.com/VRMWkE5p3CkWhJs6nv-9ZsLAs1QOg5ob1_3qg-rckwYW7yp1fIGj_pjNqEQ6Sn2AfvU=w240-h480-rw 400
 ⨯ upstream image response failed for https://play-lh.googleusercontent.com/BKKLaJj7vs6NNYQeOF_-v_KmF6gPn-9Hqb8cGhHvpJzOZOQrUoNJJjJJJJJJJJJJJJJ=w240-h480-rw 400
 ⨯ upstream image response failed for https://play-lh.googleusercontent.com/VRMWkE5p3CkWhJs6nv-9ZsLAs1QOg5ob1_3qg-rckwYW7yp1fIGj_pjNqEQ6Sn2AfvU=w240-h480-rw 400
 ✓ Compiled in 33ms
 ⚠ Unsupported metadata themeColor is configured in metadata export in /. Please move it to viewport export instead.
Read more: https://nextjs.org/docs/app/api-reference/functions/generate-viewport
 ⚠ Unsupported metadata viewport is configured in metadata export in /. Please move it to viewport export instead.
Read more: https://nextjs.org/docs/app/api-reference/functions/generate-viewport
 GET / 200 in 131ms (compile: 89ms, render: 43ms)
 ⨯ upstream image response failed for https://play-lh.googleusercontent.com/BKKLaJj7vs6NNYQeOF_-v_KmF6gPn-9Hqb8cGhHvpJzOZOQrUoNJJjJJJJJJJJJJJJJ=w240-h480-rw 400
 ⨯ upstream image response failed for https://play-lh.googleusercontent.com/VRMWkE5p3CkWhJs6nv-9ZsLAs1QOg5ob1_3qg-rckwYW7yp1fIGj_pjNqEQ6Sn2AfvU=w240-h480-rw 400
 ⚠ Unsupported metadata themeColor is configured in metadata export in /. Please move it to viewport export instead.
Read more: https://nextjs.org/docs/app/api-reference/functions/generate-viewport
 ⚠ Unsupported metadata viewport is configured in metadata export in /. Please move it to viewport export instead.
Read more: https://nextjs.org/docs/app/api-reference/functions/generate-viewport
 GET / 200 in 20ms (compile: 3ms, render: 17ms)
 ⚠ Unsupported metadata themeColor is configured in metadata export in /. Please move it to viewport export instead.
Read more: https://nextjs.org/docs/app/api-reference/functions/generate-viewport
 ⚠ Unsupported metadata viewport is configured in metadata export in /. Please move it to viewport export instead.
Read more: https://nextjs.org/docs/app/api-reference/functions/generate-viewport
 GET / 200 in 15ms (compile: 3ms, render: 12ms)
 ⚠ Unsupported metadata themeColor is configured in metadata export in /. Please move it to viewport export instead.
Read more: https://nextjs.org/docs/app/api-reference/functions/generate-viewport
 ⚠ Unsupported metadata viewport is configured in metadata export in /. Please move it to viewport export instead.
Read more: https://nextjs.org/docs/app/api-reference/functions/generate-viewport
 GET / 200 in 27ms (compile: 3ms, render: 24ms)
 ⚠ Unsupported metadata themeColor is configured in metadata export in /. Please move it to viewport export instead.
Read more: https://nextjs.org/docs/app/api-reference/functions/generate-viewport
 ⚠ Unsupported metadata viewport is configured in metadata export in /. Please move it to viewport export instead.
Read more: https://nextjs.org/docs/app/api-reference/functions/generate-viewport
 GET / 200 in 16ms (compile: 3ms, render: 14ms)
 ⨯ upstream image response failed for https://play-lh.googleusercontent.com/VRMWkE5p3CkWhJs6nv-9ZsLAs1QOg5ob1_3qg-rckwYW7yp1fIGj_pjNqEQ6Sn2AfvU=w240-h480-rw 400
 ⨯ upstream image response failed for https://play-lh.googleusercontent.com/BKKLaJj7vs6NNYQeOF_-v_KmF6gPn-9Hqb8cGhHvpJzOZOQrUoNJJjJJJJJJJJJJJJJ=w240-h480-rw 400
 ⚠ Unsupported metadata themeColor is configured in metadata export in /. Please move it to viewport export instead.
Read more: https://nextjs.org/docs/app/api-reference/functions/generate-viewport
 ⚠ Unsupported metadata viewport is configured in metadata export in /. Please move it to viewport export instead.
Read more: https://nextjs.org/docs/app/api-reference/functions/generate-viewport
 GET / 200 in 15ms (compile: 2ms, render: 13ms)
 ⨯ upstream image response failed for https://play-lh.googleusercontent.com/BKKLaJj7vs6NNYQeOF_-v_KmF6gPn-9Hqb8cGhHvpJzOZOQrUoNJJjJJJJJJJJJJJJJ=w240-h480-rw 400
 ⨯ upstream image response failed for https://play-lh.googleusercontent.com/VRMWkE5p3CkWhJs6nv-9ZsLAs1QOg5ob1_3qg-rckwYW7yp1fIGj_pjNqEQ6Sn2AfvU=w240-h480-rw 400
 ⨯ upstream image response failed for https://play-lh.googleusercontent.com/VRMWkE5p3CkWhJs6nv-9ZsLAs1QOg5ob1_3qg-rckwYW7yp1fIGj_pjNqEQ6Sn2AfvU=w240-h480-rw 400
 ⨯ upstream image response failed for https://play-lh.googleusercontent.com/BKKLaJj7vs6NNYQeOF_-v_KmF6gPn-9Hqb8cGhHvpJzOZOQrUoNJJjJJJJJJJJJJJJJ=w240-h480-rw 400
 ⨯ upstream image response failed for https://play-lh.googleusercontent.com/BKKLaJj7vs6NNYQeOF_-v_KmF6gPn-9Hqb8cGhHvpJzOZOQrUoNJJjJJJJJJJJJJJJJ=w240-h480-rw 400
 ⨯ upstream image response failed for https://play-lh.googleusercontent.com/VRMWkE5p3CkWhJs6nv-9ZsLAs1QOg5ob1_3qg-rckwYW7yp1fIGj_pjNqEQ6Sn2AfvU=w240-h480-rw 400
 ⨯ upstream image response failed for https://play-lh.googleusercontent.com/BKKLaJj7vs6NNYQeOF_-v_KmF6gPn-9Hqb8cGhHvpJzOZOQrUoNJJjJJJJJJJJJJJJJ=w240-h480-rw 400
 ⨯ upstream image response failed for https://play-lh.googleusercontent.com/VRMWkE5p3CkWhJs6nv-9ZsLAs1QOg5ob1_3qg-rckwYW7yp1fIGj_pjNqEQ6Sn2AfvU=w240-h480-rw 400
 ⨯ upstream image response failed for https://play-lh.googleusercontent.com/BKKLaJj7vs6NNYQeOF_-v_KmF6gPn-9Hqb8cGhHvpJzOZOQrUoNJJjJJJJJJJJJJJJJ=w240-h480-rw 400
 ⨯ upstream image response failed for https://play-lh.googleusercontent.com/VRMWkE5p3CkWhJs6nv-9ZsLAs1QOg5ob1_3qg-rckwYW7yp1fIGj_pjNqEQ6Sn2AfvU=w240-h480-rw 400
 ⨯ upstream image response failed for https://play-lh.googleusercontent.com/BKKLaJj7vs6NNYQeOF_-v_KmF6gPn-9Hqb8cGhHvpJzOZOQrUoNJJjJJJJJJJJJJJJJ=w240-h480-rw 400
 ⨯ upstream image response failed for https://play-lh.googleusercontent.com/VRMWkE5p3CkWhJs6nv-9ZsLAs1QOg5ob1_3qg-rckwYW7yp1fIGj_pjNqEQ6Sn2AfvU=w240-h480-rw 400
 ⨯ upstream image response failed for https://play-lh.googleusercontent.com/BKKLaJj7vs6NNYQeOF_-v_KmF6gPn-9Hqb8cGhHvpJzOZOQrUoNJJjJJJJJJJJJJJJJ=w240-h480-rw 400
 ⨯ upstream image response failed for https://play-lh.googleusercontent.com/VRMWkE5p3CkWhJs6nv-9ZsLAs1QOg5ob1_3qg-rckwYW7yp1fIGj_pjNqEQ6Sn2AfvU=w240-h480-rw 400
 ⨯ upstream image response failed for https://play-lh.googleusercontent.com/BKKLaJj7vs6NNYQeOF_-v_KmF6gPn-9Hqb8cGhHvpJzOZOQrUoNJJjJJJJJJJJJJJJJ=w240-h480-rw 400
 ⨯ upstream image response failed for https://play-lh.googleusercontent.com/VRMWkE5p3CkWhJs6nv-9ZsLAs1QOg5ob1_3qg-rckwYW7yp1fIGj_pjNqEQ6Sn2AfvU=w240-h480-rw 400
 ⨯ upstream image response failed for https://play-lh.googleusercontent.com/BKKLaJj7vs6NNYQeOF_-v_KmF6gPn-9Hqb8cGhHvpJzOZOQrUoNJJjJJJJJJJJJJJJJ=w240-h480-rw 400
 ⨯ upstream image response failed for https://play-lh.googleusercontent.com/VRMWkE5p3CkWhJs6nv-9ZsLAs1QOg5ob1_3qg-rckwYW7yp1fIGj_pjNqEQ6Sn2AfvU=w240-h480-rw 400
 ⚠ Unsupported metadata themeColor is configured in metadata export in /. Please move it to viewport export instead.
Read more: https://nextjs.org/docs/app/api-reference/functions/generate-viewport
 ⚠ Unsupported metadata viewport is configured in metadata export in /. Please move it to viewport export instead.
Read more: https://nextjs.org/docs/app/api-reference/functions/generate-viewport
 GET / 200 in 253ms (compile: 4ms, render: 249ms)
 ⨯ upstream image response failed for https://play-lh.googleusercontent.com/BKKLaJj7vs6NNYQeOF_-v_KmF6gPn-9Hqb8cGhHvpJzOZOQrUoNJJjJJJJJJJJJJJJJ=w240-h480-rw 400
 ⨯ upstream image response failed for https://play-lh.googleusercontent.com/VRMWkE5p3CkWhJs6nv-9ZsLAs1QOg5ob1_3qg-rckwYW7yp1fIGj_pjNqEQ6Sn2AfvU=w240-h480-rw 400
 ⨯ upstream image response failed for https://play-lh.googleusercontent.com/BKKLaJj7vs6NNYQeOF_-v_KmF6gPn-9Hqb8cGhHvpJzOZOQrUoNJJjJJJJJJJJJJJJJ=w240-h480-rw 400
 ⨯ upstream image response failed for https://play-lh.googleusercontent.com/VRMWkE5p3CkWhJs6nv-9ZsLAs1QOg5ob1_3qg-rckwYW7yp1fIGj_pjNqEQ6Sn2AfvU=w240-h480-rw 400
 ⨯ upstream image response failed for https://play-lh.googleusercontent.com/BKKLaJj7vs6NNYQeOF_-v_KmF6gPn-9Hqb8cGhHvpJzOZOQrUoNJJjJJJJJJJJJJJJJ=w240-h480-rw 400
 ⨯ upstream image response failed for https://play-lh.googleusercontent.com/VRMWkE5p3CkWhJs6nv-9ZsLAs1QOg5ob1_3qg-rckwYW7yp1fIGj_pjNqEQ6Sn2AfvU=w240-h480-rw 400
 ⨯ upstream image response failed for https://play-lh.googleusercontent.com/BKKLaJj7vs6NNYQeOF_-v_KmF6gPn-9Hqb8cGhHvpJzOZOQrUoNJJjJJJJJJJJJJJJJ=w240-h480-rw 400
 ⨯ upstream image response failed for https://play-lh.googleusercontent.com/VRMWkE5p3CkWhJs6nv-9ZsLAs1QOg5ob1_3qg-rckwYW7yp1fIGj_pjNqEQ6Sn2AfvU=w240-h480-rw 400
 ⨯ upstream image response failed for https://play-lh.googleusercontent.com/BKKLaJj7vs6NNYQeOF_-v_KmF6gPn-9Hqb8cGhHvpJzOZOQrUoNJJjJJJJJJJJJJJJJ=w240-h480-rw 400
 ⨯ upstream image response failed for https://play-lh.googleusercontent.com/VRMWkE5p3CkWhJs6nv-9ZsLAs1QOg5ob1_3qg-rckwYW7yp1fIGj_pjNqEQ6Sn2AfvU=w240-h480-rw 400
 ⨯ upstream image response failed for https://play-lh.googleusercontent.com/VRMWkE5p3CkWhJs6nv-9ZsLAs1QOg5ob1_3qg-rckwYW7yp1fIGj_pjNqEQ6Sn2AfvU=w240-h480-rw 400
 ⨯ upstream image response failed for https://play-lh.googleusercontent.com/BKKLaJj7vs6NNYQeOF_-v_KmF6gPn-9Hqb8cGhHvpJzOZOQrUoNJJjJJJJJJJJJJJJJ=w240-h480-rw 400
 ⨯ upstream image response failed for https://play-lh.googleusercontent.com/BKKLaJj7vs6NNYQeOF_-v_KmF6gPn-9Hqb8cGhHvpJzOZOQrUoNJJjJJJJJJJJJJJJJ=w240-h480-rw 400
 ⨯ upstream image response failed for https://play-lh.googleusercontent.com/VRMWkE5p3CkWhJs6nv-9ZsLAs1QOg5ob1_3qg-rckwYW7yp1fIGj_pjNqEQ6Sn2AfvU=w240-h480-rw 400
 ⨯ upstream image response failed for https://play-lh.googleusercontent.com/VRMWkE5p3CkWhJs6nv-9ZsLAs1QOg5ob1_3qg-rckwYW7yp1fIGj_pjNqEQ6Sn2AfvU=w240-h480-rw 400
 ⨯ upstream image response failed for https://play-lh.googleusercontent.com/BKKLaJj7vs6NNYQeOF_-v_KmF6gPn-9Hqb8cGhHvpJzOZOQrUoNJJjJJJJJJJJJJJJJ=w240-h480-rw 400
 ⨯ upstream image response failed for https://play-lh.googleusercontent.com/VRMWkE5p3CkWhJs6nv-9ZsLAs1QOg5ob1_3qg-rckwYW7yp1fIGj_pjNqEQ6Sn2AfvU=w240-h480-rw 400
 ⨯ upstream image response failed for https://play-lh.googleusercontent.com/BKKLaJj7vs6NNYQeOF_-v_KmF6gPn-9Hqb8cGhHvpJzOZOQrUoNJJjJJJJJJJJJJJJJ=w240-h480-rw 400
 ⨯ upstream image response failed for https://play-lh.googleusercontent.com/VRMWkE5p3CkWhJs6nv-9ZsLAs1QOg5ob1_3qg-rckwYW7yp1fIGj_pjNqEQ6Sn2AfvU=w240-h480-rw 400
 ⨯ upstream image response failed for https://play-lh.googleusercontent.com/BKKLaJj7vs6NNYQeOF_-v_KmF6gPn-9Hqb8cGhHvpJzOZOQrUoNJJjJJJJJJJJJJJJJ=w240-h480-rw 400
 ⨯ upstream image response failed for https://play-lh.googleusercontent.com/BKKLaJj7vs6NNYQeOF_-v_KmF6gPn-9Hqb8cGhHvpJzOZOQrUoNJJjJJJJJJJJJJJJJ=w240-h480-rw 400
 ⨯ upstream image response failed for https://play-lh.googleusercontent.com/VRMWkE5p3CkWhJs6nv-9ZsLAs1QOg5ob1_3qg-rckwYW7yp1fIGj_pjNqEQ6Sn2AfvU=w240-h480-rw 400
 ⨯ upstream image response failed for https://play-lh.googleusercontent.com/BKKLaJj7vs6NNYQeOF_-v_KmF6gPn-9Hqb8cGhHvpJzOZOQrUoNJJjJJJJJJJJJJJJJ=w240-h480-rw 400
 ⨯ upstream image response failed for https://play-lh.googleusercontent.com/VRMWkE5p3CkWhJs6nv-9ZsLAs1QOg5ob1_3qg-rckwYW7yp1fIGj_pjNqEQ6Sn2AfvU=w240-h480-rw 400
 ⨯ upstream image response failed for https://play-lh.googleusercontent.com/VRMWkE5p3CkWhJs6nv-9ZsLAs1QOg5ob1_3qg-rckwYW7yp1fIGj_pjNqEQ6Sn2AfvU=w240-h480-rw 400
 ⨯ upstream image response failed for https://play-lh.googleusercontent.com/BKKLaJj7vs6NNYQeOF_-v_KmF6gPn-9Hqb8cGhHvpJzOZOQrUoNJJjJJJJJJJJJJJJJ=w240-h480-rw 400
 ⨯ upstream image response failed for https://play-lh.googleusercontent.com/BKKLaJj7vs6NNYQeOF_-v_KmF6gPn-9Hqb8cGhHvpJzOZOQrUoNJJjJJJJJJJJJJJJJ=w240-h480-rw 400
 ⨯ upstream image response failed for https://play-lh.googleusercontent.com/VRMWkE5p3CkWhJs6nv-9ZsLAs1QOg5ob1_3qg-rckwYW7yp1fIGj_pjNqEQ6Sn2AfvU=w240-h480-rw 400
 ✓ Compiled in 28ms
 ⨯ upstream image response failed for https://play-lh.googleusercontent.com/VRMWkE5p3CkWhJs6nv-9ZsLAs1QOg5ob1_3qg-rckwYW7yp1fIGj_pjNqEQ6Sn2AfvU=w240-h480-rw 400
 ⨯ upstream image response failed for https://play-lh.googleusercontent.com/BKKLaJj7vs6NNYQeOF_-v_KmF6gPn-9Hqb8cGhHvpJzOZOQrUoNJJjJJJJJJJJJJJJJ=w240-h480-rw 400
 ⚠ Unsupported metadata themeColor is configured in metadata export in /. Please move it to viewport export instead.
Read more: https://nextjs.org/docs/app/api-reference/functions/generate-viewport
 ⚠ Unsupported metadata viewport is configured in metadata export in /. Please move it to viewport export instead.
Read more: https://nextjs.org/docs/app/api-reference/functions/generate-viewport
 ⚠ Unsupported metadata themeColor is configured in metadata export in /. Please move it to viewport export instead.
Read more: https://nextjs.org/docs/app/api-reference/functions/generate-viewport
 ⚠ Unsupported metadata viewport is configured in metadata export in /. Please move it to viewport export instead.
Read more: https://nextjs.org/docs/app/api-reference/functions/generate-viewport
 GET / 200 in 149ms (compile: 83ms, render: 66ms)
 GET / 200 in 33ms (compile: 2ms, render: 31ms)
 ⚠ Unsupported metadata themeColor is configured in metadata export in /. Please move it to viewport export instead.
Read more: https://nextjs.org/docs/app/api-reference/functions/generate-viewport
 ⚠ Unsupported metadata viewport is configured in metadata export in /. Please move it to viewport export instead.
Read more: https://nextjs.org/docs/app/api-reference/functions/generate-viewport
 GET / 200 in 18ms (compile: 3ms, render: 15ms)
 ⚠ Unsupported metadata themeColor is configured in metadata export in /. Please move it to viewport export instead.
Read more: https://nextjs.org/docs/app/api-reference/functions/generate-viewport
 ⚠ Unsupported metadata viewport is configured in metadata export in /. Please move it to viewport export instead.
Read more: https://nextjs.org/docs/app/api-reference/functions/generate-viewport
 GET / 200 in 17ms (compile: 2ms, render: 15ms)
 ⚠ Unsupported metadata themeColor is configured in metadata export in /. Please move it to viewport export instead.
Read more: https://nextjs.org/docs/app/api-reference/functions/generate-viewport
 ⚠ Unsupported metadata viewport is configured in metadata export in /. Please move it to viewport export instead.
Read more: https://nextjs.org/docs/app/api-reference/functions/generate-viewport
 ⨯ upstream image response failed for https://play-lh.googleusercontent.com/BKKLaJj7vs6NNYQeOF_-v_KmF6gPn-9Hqb8cGhHvpJzOZOQrUoNJJjJJJJJJJJJJJJJ=w240-h480-rw 400
 ⨯ upstream image response failed for https://play-lh.googleusercontent.com/VRMWkE5p3CkWhJs6nv-9ZsLAs1QOg5ob1_3qg-rckwYW7yp1fIGj_pjNqEQ6Sn2AfvU=w240-h480-rw 400
 GET / 200 in 19ms (compile: 3ms, render: 17ms)
 ⚠ Unsupported metadata themeColor is configured in metadata export in /. Please move it to viewport export instead.
Read more: https://nextjs.org/docs/app/api-reference/functions/generate-viewport
 ⚠ Unsupported metadata viewport is configured in metadata export in /. Please move it to viewport export instead.
Read more: https://nextjs.org/docs/app/api-reference/functions/generate-viewport
 ⨯ upstream image response failed for https://play-lh.googleusercontent.com/BKKLaJj7vs6NNYQeOF_-v_KmF6gPn-9Hqb8cGhHvpJzOZOQrUoNJJjJJJJJJJJJJJJJ=w240-h480-rw 400
 ⨯ upstream image response failed for https://play-lh.googleusercontent.com/VRMWkE5p3CkWhJs6nv-9ZsLAs1QOg5ob1_3qg-rckwYW7yp1fIGj_pjNqEQ6Sn2AfvU=w240-h480-rw 400
 GET / 200 in 17ms (compile: 2ms, render: 15ms)
 ⚠ Unsupported metadata themeColor is configured in metadata export in /. Please move it to viewport export instead.
Read more: https://nextjs.org/docs/app/api-reference/functions/generate-viewport
 ⚠ Unsupported metadata viewport is configured in metadata export in /. Please move it to viewport export instead.
Read more: https://nextjs.org/docs/app/api-reference/functions/generate-viewport
 GET / 200 in 16ms (compile: 2ms, render: 14ms)
 ⚠ Unsupported metadata themeColor is configured in metadata export in /. Please move it to viewport export instead.
Read more: https://nextjs.org/docs/app/api-reference/functions/generate-viewport
 ⚠ Unsupported metadata viewport is configured in metadata export in /. Please move it to viewport export instead.
Read more: https://nextjs.org/docs/app/api-reference/functions/generate-viewport
 GET / 200 in 16ms (compile: 4ms, render: 13ms)
 ⚠ Unsupported metadata themeColor is configured in metadata export in /. Please move it to viewport export instead.
Read more: https://nextjs.org/docs/app/api-reference/functions/generate-viewport
 ⚠ Unsupported metadata viewport is configured in metadata export in /. Please move it to viewport export instead.
Read more: https://nextjs.org/docs/app/api-reference/functions/generate-viewport
 GET / 200 in 16ms (compile: 3ms, render: 13ms)
 ⚠ Unsupported metadata themeColor is configured in metadata export in /. Please move it to viewport export instead.
Read more: https://nextjs.org/docs/app/api-reference/functions/generate-viewport
 ⚠ Unsupported metadata viewport is configured in metadata export in /. Please move it to viewport export instead.
Read more: https://nextjs.org/docs/app/api-reference/functions/generate-viewport
 GET / 200 in 15ms (compile: 2ms, render: 13ms)
 ⚠ Unsupported metadata themeColor is configured in metadata export in /. Please move it to viewport export instead.
Read more: https://nextjs.org/docs/app/api-reference/functions/generate-viewport
 ⚠ Unsupported metadata viewport is configured in metadata export in /. Please move it to viewport export instead.
Read more: https://nextjs.org/docs/app/api-reference/functions/generate-viewport
 GET / 200 in 17ms (compile: 2ms, render: 14ms)
 ⨯ upstream image response failed for https://play-lh.googleusercontent.com/BKKLaJj7vs6NNYQeOF_-v_KmF6gPn-9Hqb8cGhHvpJzOZOQrUoNJJjJJJJJJJJJJJJJ=w240-h480-rw 400
 ⨯ upstream image response failed for https://play-lh.googleusercontent.com/VRMWkE5p3CkWhJs6nv-9ZsLAs1QOg5ob1_3qg-rckwYW7yp1fIGj_pjNqEQ6Sn2AfvU=w240-h480-rw 400
 ⚠ Unsupported metadata themeColor is configured in metadata export in /. Please move it to viewport export instead.
Read more: https://nextjs.org/docs/app/api-reference/functions/generate-viewport
 ⚠ Unsupported metadata viewport is configured in metadata export in /. Please move it to viewport export instead.
Read more: https://nextjs.org/docs/app/api-reference/functions/generate-viewport
 GET / 200 in 15ms (compile: 2ms, render: 12ms)
 ⨯ upstream image response failed for https://play-lh.googleusercontent.com/BKKLaJj7vs6NNYQeOF_-v_KmF6gPn-9Hqb8cGhHvpJzOZOQrUoNJJjJJJJJJJJJJJJJ=w240-h480-rw 400
 ⨯ upstream image response failed for https://play-lh.googleusercontent.com/VRMWkE5p3CkWhJs6nv-9ZsLAs1QOg5ob1_3qg-rckwYW7yp1fIGj_pjNqEQ6Sn2AfvU=w240-h480-rw 400
 ⨯ upstream image response failed for https://play-lh.googleusercontent.com/VRMWkE5p3CkWhJs6nv-9ZsLAs1QOg5ob1_3qg-rckwYW7yp1fIGj_pjNqEQ6Sn2AfvU=w240-h480-rw 400
 ⨯ upstream image response failed for https://play-lh.googleusercontent.com/BKKLaJj7vs6NNYQeOF_-v_KmF6gPn-9Hqb8cGhHvpJzOZOQrUoNJJjJJJJJJJJJJJJJ=w240-h480-rw 400
 ⨯ upstream image response failed for https://play-lh.googleusercontent.com/BKKLaJj7vs6NNYQeOF_-v_KmF6gPn-9Hqb8cGhHvpJzOZOQrUoNJJjJJJJJJJJJJJJJ=w240-h480-rw 400
 ⨯ upstream image response failed for https://play-lh.googleusercontent.com/VRMWkE5p3CkWhJs6nv-9ZsLAs1QOg5ob1_3qg-rckwYW7yp1fIGj_pjNqEQ6Sn2AfvU=w240-h480-rw 400
 ⨯ upstream image response failed for https://play-lh.googleusercontent.com/VRMWkE5p3CkWhJs6nv-9ZsLAs1QOg5ob1_3qg-rckwYW7yp1fIGj_pjNqEQ6Sn2AfvU=w240-h480-rw 400
 ⨯ upstream image response failed for https://play-lh.googleusercontent.com/BKKLaJj7vs6NNYQeOF_-v_KmF6gPn-9Hqb8cGhHvpJzOZOQrUoNJJjJJJJJJJJJJJJJ=w240-h480-rw 400
 ⨯ upstream image response failed for https://play-lh.googleusercontent.com/VRMWkE5p3CkWhJs6nv-9ZsLAs1QOg5ob1_3qg-rckwYW7yp1fIGj_pjNqEQ6Sn2AfvU=w240-h480-rw 400
 ⨯ upstream image response failed for https://play-lh.googleusercontent.com/BKKLaJj7vs6NNYQeOF_-v_KmF6gPn-9Hqb8cGhHvpJzOZOQrUoNJJjJJJJJJJJJJJJJ=w240-h480-rw 400
 ⨯ upstream image response failed for https://play-lh.googleusercontent.com/BKKLaJj7vs6NNYQeOF_-v_KmF6gPn-9Hqb8cGhHvpJzOZOQrUoNJJjJJJJJJJJJJJJJ=w240-h480-rw 400
 ⨯ upstream image response failed for https://play-lh.googleusercontent.com/VRMWkE5p3CkWhJs6nv-9ZsLAs1QOg5ob1_3qg-rckwYW7yp1fIGj_pjNqEQ6Sn2AfvU=w240-h480-rw 400
 ⨯ upstream image response failed for https://play-lh.googleusercontent.com/VRMWkE5p3CkWhJs6nv-9ZsLAs1QOg5ob1_3qg-rckwYW7yp1fIGj_pjNqEQ6Sn2AfvU=w240-h480-rw 400
 ⨯ upstream image response failed for https://play-lh.googleusercontent.com/BKKLaJj7vs6NNYQeOF_-v_KmF6gPn-9Hqb8cGhHvpJzOZOQrUoNJJjJJJJJJJJJJJJJ=w240-h480-rw 400
 ⨯ upstream image response failed for https://play-lh.googleusercontent.com/VRMWkE5p3CkWhJs6nv-9ZsLAs1QOg5ob1_3qg-rckwYW7yp1fIGj_pjNqEQ6Sn2AfvU=w240-h480-rw 400
 ⨯ upstream image response failed for https://play-lh.googleusercontent.com/BKKLaJj7vs6NNYQeOF_-v_KmF6gPn-9Hqb8cGhHvpJzOZOQrUoNJJjJJJJJJJJJJJJJ=w240-h480-rw 400
 ⨯ upstream image response failed for https://play-lh.googleusercontent.com/VRMWkE5p3CkWhJs6nv-9ZsLAs1QOg5ob1_3qg-rckwYW7yp1fIGj_pjNqEQ6Sn2AfvU=w240-h480-rw 400
 ⨯ upstream image response failed for https://play-lh.googleusercontent.com/BKKLaJj7vs6NNYQeOF_-v_KmF6gPn-9Hqb8cGhHvpJzOZOQrUoNJJjJJJJJJJJJJJJJ=w240-h480-rw 400
 ⨯ upstream image response failed for https://play-lh.googleusercontent.com/BKKLaJj7vs6NNYQeOF_-v_KmF6gPn-9Hqb8cGhHvpJzOZOQrUoNJJjJJJJJJJJJJJJJ=w240-h480-rw 400
 ⨯ upstream image response failed for https://play-lh.googleusercontent.com/VRMWkE5p3CkWhJs6nv-9ZsLAs1QOg5ob1_3qg-rckwYW7yp1fIGj_pjNqEQ6Sn2AfvU=w240-h480-rw 400
 ⨯ upstream image response failed for https://play-lh.googleusercontent.com/VRMWkE5p3CkWhJs6nv-9ZsLAs1QOg5ob1_3qg-rckwYW7yp1fIGj_pjNqEQ6Sn2AfvU=w240-h480-rw 400
 ⨯ upstream image response failed for https://play-lh.googleusercontent.com/BKKLaJj7vs6NNYQeOF_-v_KmF6gPn-9Hqb8cGhHvpJzOZOQrUoNJJjJJJJJJJJJJJJJ=w240-h480-rw 400
 ⨯ upstream image response failed for https://play-lh.googleusercontent.com/VRMWkE5p3CkWhJs6nv-9ZsLAs1QOg5ob1_3qg-rckwYW7yp1fIGj_pjNqEQ6Sn2AfvU=w240-h480-rw 400
 ⨯ upstream image response failed for https://play-lh.googleusercontent.com/BKKLaJj7vs6NNYQeOF_-v_KmF6gPn-9Hqb8cGhHvpJzOZOQrUoNJJjJJJJJJJJJJJJJ=w240-h480-rw 400
 ⨯ upstream image response failed for https://play-lh.googleusercontent.com/BKKLaJj7vs6NNYQeOF_-v_KmF6gPn-9Hqb8cGhHvpJzOZOQrUoNJJjJJJJJJJJJJJJJ=w240-h480-rw 400
 ⨯ upstream image response failed for https://play-lh.googleusercontent.com/VRMWkE5p3CkWhJs6nv-9ZsLAs1QOg5ob1_3qg-rckwYW7yp1fIGj_pjNqEQ6Sn2AfvU=w240-h480-rw 400
 ⨯ upstream image response failed for https://play-lh.googleusercontent.com/BKKLaJj7vs6NNYQeOF_-v_KmF6gPn-9Hqb8cGhHvpJzOZOQrUoNJJjJJJJJJJJJJJJJ=w240-h480-rw 400
 ⨯ upstream image response failed for https://play-lh.googleusercontent.com/VRMWkE5p3CkWhJs6nv-9ZsLAs1QOg5ob1_3qg-rckwYW7yp1fIGj_pjNqEQ6Sn2AfvU=w240-h480-rw 400
 ⨯ upstream image response failed for https://play-lh.googleusercontent.com/BKKLaJj7vs6NNYQeOF_-v_KmF6gPn-9Hqb8cGhHvpJzOZOQrUoNJJjJJJJJJJJJJJJJ=w240-h480-rw 400
 ⨯ upstream image response failed for https://play-lh.googleusercontent.com/VRMWkE5p3CkWhJs6nv-9ZsLAs1QOg5ob1_3qg-rckwYW7yp1fIGj_pjNqEQ6Sn2AfvU=w240-h480-rw 400
 ⨯ upstream image response failed for https://play-lh.googleusercontent.com/VRMWkE5p3CkWhJs6nv-9ZsLAs1QOg5ob1_3qg-rckwYW7yp1fIGj_pjNqEQ6Sn2AfvU=w240-h480-rw 400
 ⨯ upstream image response failed for https://play-lh.googleusercontent.com/BKKLaJj7vs6NNYQeOF_-v_KmF6gPn-9Hqb8cGhHvpJzOZOQrUoNJJjJJJJJJJJJJJJJ=w240-h480-rw 400
 ⨯ upstream image response failed for https://play-lh.googleusercontent.com/BKKLaJj7vs6NNYQeOF_-v_KmF6gPn-9Hqb8cGhHvpJzOZOQrUoNJJjJJJJJJJJJJJJJ=w240-h480-rw 400
 ⨯ upstream image response failed for https://play-lh.googleusercontent.com/VRMWkE5p3CkWhJs6nv-9ZsLAs1QOg5ob1_3qg-rckwYW7yp1fIGj_pjNqEQ6Sn2AfvU=w240-h480-rw 400
 ⨯ upstream image response failed for https://play-lh.googleusercontent.com/BKKLaJj7vs6NNYQeOF_-v_KmF6gPn-9Hqb8cGhHvpJzOZOQrUoNJJjJJJJJJJJJJJJJ=w240-h480-rw 400
 ⨯ upstream image response failed for https://play-lh.googleusercontent.com/VRMWkE5p3CkWhJs6nv-9ZsLAs1QOg5ob1_3qg-rckwYW7yp1fIGj_pjNqEQ6Sn2AfvU=w240-h480-rw 400
 ⨯ upstream image response failed for https://play-lh.googleusercontent.com/BKKLaJj7vs6NNYQeOF_-v_KmF6gPn-9Hqb8cGhHvpJzOZOQrUoNJJjJJJJJJJJJJJJJ=w240-h480-rw 400
 ⨯ upstream image response failed for https://play-lh.googleusercontent.com/VRMWkE5p3CkWhJs6nv-9ZsLAs1QOg5ob1_3qg-rckwYW7yp1fIGj_pjNqEQ6Sn2AfvU=w240-h480-rw 400
 ⨯ upstream image response failed for https://play-lh.googleusercontent.com/VRMWkE5p3CkWhJs6nv-9ZsLAs1QOg5ob1_3qg-rckwYW7yp1fIGj_pjNqEQ6Sn2AfvU=w240-h480-rw 400
 ⨯ upstream image response failed for https://play-lh.googleusercontent.com/BKKLaJj7vs6NNYQeOF_-v_KmF6gPn-9Hqb8cGhHvpJzOZOQrUoNJJjJJJJJJJJJJJJJ=w240-h480-rw 400
 ⨯ upstream image response failed for https://play-lh.googleusercontent.com/BKKLaJj7vs6NNYQeOF_-v_KmF6gPn-9Hqb8cGhHvpJzOZOQrUoNJJjJJJJJJJJJJJJJ=w240-h480-rw 400
 ⨯ upstream image response failed for https://play-lh.googleusercontent.com/VRMWkE5p3CkWhJs6nv-9ZsLAs1QOg5ob1_3qg-rckwYW7yp1fIGj_pjNqEQ6Sn2AfvU=w240-h480-rw 400
 ⨯ upstream image response failed for https://play-lh.googleusercontent.com/BKKLaJj7vs6NNYQeOF_-v_KmF6gPn-9Hqb8cGhHvpJzOZOQrUoNJJjJJJJJJJJJJJJJ=w240-h480-rw 400
 ⨯ upstream image response failed for https://play-lh.googleusercontent.com/VRMWkE5p3CkWhJs6nv-9ZsLAs1QOg5ob1_3qg-rckwYW7yp1fIGj_pjNqEQ6Sn2AfvU=w240-h480-rw 400
 ⨯ upstream image response failed for https://play-lh.googleusercontent.com/VRMWkE5p3CkWhJs6nv-9ZsLAs1QOg5ob1_3qg-rckwYW7yp1fIGj_pjNqEQ6Sn2AfvU=w240-h480-rw 400
 ⨯ upstream image response failed for https://play-lh.googleusercontent.com/BKKLaJj7vs6NNYQeOF_-v_KmF6gPn-9Hqb8cGhHvpJzOZOQrUoNJJjJJJJJJJJJJJJJ=w240-h480-rw 400
 ⨯ upstream image response failed for https://play-lh.googleusercontent.com/VRMWkE5p3CkWhJs6nv-9ZsLAs1QOg5ob1_3qg-rckwYW7yp1fIGj_pjNqEQ6Sn2AfvU=w240-h480-rw 400
 ⨯ upstream image response failed for https://play-lh.googleusercontent.com/BKKLaJj7vs6NNYQeOF_-v_KmF6gPn-9Hqb8cGhHvpJzOZOQrUoNJJjJJJJJJJJJJJJJ=w240-h480-rw 400
 ⨯ upstream image response failed for https://play-lh.googleusercontent.com/BKKLaJj7vs6NNYQeOF_-v_KmF6gPn-9Hqb8cGhHvpJzOZOQrUoNJJjJJJJJJJJJJJJJ=w240-h480-rw 400
 ⨯ upstream image response failed for https://play-lh.googleusercontent.com/VRMWkE5p3CkWhJs6nv-9ZsLAs1QOg5ob1_3qg-rckwYW7yp1fIGj_pjNqEQ6Sn2AfvU=w240-h480-rw 400
 ⨯ upstream image response failed for https://play-lh.googleusercontent.com/BKKLaJj7vs6NNYQeOF_-v_KmF6gPn-9Hqb8cGhHvpJzOZOQrUoNJJjJJJJJJJJJJJJJ=w240-h480-rw 400
 ⨯ upstream image response failed for https://play-lh.googleusercontent.com/VRMWkE5p3CkWhJs6nv-9ZsLAs1QOg5ob1_3qg-rckwYW7yp1fIGj_pjNqEQ6Sn2AfvU=w240-h480-rw 400
 ⨯ upstream image response failed for https://play-lh.googleusercontent.com/VRMWkE5p3CkWhJs6nv-9ZsLAs1QOg5ob1_3qg-rckwYW7yp1fIGj_pjNqEQ6Sn2AfvU=w240-h480-rw 400
 ⨯ upstream image response failed for https://play-lh.googleusercontent.com/BKKLaJj7vs6NNYQeOF_-v_KmF6gPn-9Hqb8cGhHvpJzOZOQrUoNJJjJJJJJJJJJJJJJ=w240-h480-rw 400
 ⨯ upstream image response failed for https://play-lh.googleusercontent.com/VRMWkE5p3CkWhJs6nv-9ZsLAs1QOg5ob1_3qg-rckwYW7yp1fIGj_pjNqEQ6Sn2AfvU=w240-h480-rw 400
 ⨯ upstream image response failed for https://play-lh.googleusercontent.com/BKKLaJj7vs6NNYQeOF_-v_KmF6gPn-9Hqb8cGhHvpJzOZOQrUoNJJjJJJJJJJJJJJJJ=w240-h480-rw 400
 ⨯ upstream image response failed for https://play-lh.googleusercontent.com/VRMWkE5p3CkWhJs6nv-9ZsLAs1QOg5ob1_3qg-rckwYW7yp1fIGj_pjNqEQ6Sn2AfvU=w240-h480-rw 400
 ⨯ upstream image response failed for https://play-lh.googleusercontent.com/BKKLaJj7vs6NNYQeOF_-v_KmF6gPn-9Hqb8cGhHvpJzOZOQrUoNJJjJJJJJJJJJJJJJ=w240-h480-rw 400
 ⨯ upstream image response failed for https://play-lh.googleusercontent.com/BKKLaJj7vs6NNYQeOF_-v_KmF6gPn-9Hqb8cGhHvpJzOZOQrUoNJJjJJJJJJJJJJJJJ=w240-h480-rw 400
 ⨯ upstream image response failed for https://play-lh.googleusercontent.com/VRMWkE5p3CkWhJs6nv-9ZsLAs1QOg5ob1_3qg-rckwYW7yp1fIGj_pjNqEQ6Sn2AfvU=w240-h480-rw 400
 ⨯ upstream image response failed for https://play-lh.googleusercontent.com/VRMWkE5p3CkWhJs6nv-9ZsLAs1QOg5ob1_3qg-rckwYW7yp1fIGj_pjNqEQ6Sn2AfvU=w240-h480-rw 400
 ⨯ upstream image response failed for https://play-lh.googleusercontent.com/BKKLaJj7vs6NNYQeOF_-v_KmF6gPn-9Hqb8cGhHvpJzOZOQrUoNJJjJJJJJJJJJJJJJ=w240-h480-rw 400
 ⨯ upstream image response failed for https://play-lh.googleusercontent.com/VRMWkE5p3CkWhJs6nv-9ZsLAs1QOg5ob1_3qg-rckwYW7yp1fIGj_pjNqEQ6Sn2AfvU=w240-h480-rw 400
 ⨯ upstream image response failed for https://play-lh.googleusercontent.com/BKKLaJj7vs6NNYQeOF_-v_KmF6gPn-9Hqb8cGhHvpJzOZOQrUoNJJjJJJJJJJJJJJJJ=w240-h480-rw 400
 ⨯ upstream image response failed for https://play-lh.googleusercontent.com/BKKLaJj7vs6NNYQeOF_-v_KmF6gPn-9Hqb8cGhHvpJzOZOQrUoNJJjJJJJJJJJJJJJJ=w240-h480-rw 400
 ⨯ upstream image response failed for https://play-lh.googleusercontent.com/VRMWkE5p3CkWhJs6nv-9ZsLAs1QOg5ob1_3qg-rckwYW7yp1fIGj_pjNqEQ6Sn2AfvU=w240-h480-rw 400
 ⨯ upstream image response failed for https://play-lh.googleusercontent.com/VRMWkE5p3CkWhJs6nv-9ZsLAs1QOg5ob1_3qg-rckwYW7yp1fIGj_pjNqEQ6Sn2AfvU=w240-h480-rw 400
 ⨯ upstream image response failed for https://play-lh.googleusercontent.com/BKKLaJj7vs6NNYQeOF_-v_KmF6gPn-9Hqb8cGhHvpJzOZOQrUoNJJjJJJJJJJJJJJJJ=w240-h480-rw 400
 ⨯ upstream image response failed for https://play-lh.googleusercontent.com/VRMWkE5p3CkWhJs6nv-9ZsLAs1QOg5ob1_3qg-rckwYW7yp1fIGj_pjNqEQ6Sn2AfvU=w240-h480-rw 400
 ⨯ upstream image response failed for https://play-lh.googleusercontent.com/BKKLaJj7vs6NNYQeOF_-v_KmF6gPn-9Hqb8cGhHvpJzOZOQrUoNJJjJJJJJJJJJJJJJ=w240-h480-rw 400
 ⨯ upstream image response failed for https://play-lh.googleusercontent.com/VRMWkE5p3CkWhJs6nv-9ZsLAs1QOg5ob1_3qg-rckwYW7yp1fIGj_pjNqEQ6Sn2AfvU=w240-h480-rw 400
 ⨯ upstream image response failed for https://play-lh.googleusercontent.com/BKKLaJj7vs6NNYQeOF_-v_KmF6gPn-9Hqb8cGhHvpJzOZOQrUoNJJjJJJJJJJJJJJJJ=w240-h480-rw 400
 ⨯ upstream image response failed for https://play-lh.googleusercontent.com/BKKLaJj7vs6NNYQeOF_-v_KmF6gPn-9Hqb8cGhHvpJzOZOQrUoNJJjJJJJJJJJJJJJJ=w240-h480-rw 400
 ⨯ upstream image response failed for https://play-lh.googleusercontent.com/VRMWkE5p3CkWhJs6nv-9ZsLAs1QOg5ob1_3qg-rckwYW7yp1fIGj_pjNqEQ6Sn2AfvU=w240-h480-rw 400
 ⨯ upstream image response failed for https://play-lh.googleusercontent.com/BKKLaJj7vs6NNYQeOF_-v_KmF6gPn-9Hqb8cGhHvpJzOZOQrUoNJJjJJJJJJJJJJJJJ=w240-h480-rw 400
 ⨯ upstream image response failed for https://play-lh.googleusercontent.com/VRMWkE5p3CkWhJs6nv-9ZsLAs1QOg5ob1_3qg-rckwYW7yp1fIGj_pjNqEQ6Sn2AfvU=w240-h480-rw 400
 ⨯ upstream image response failed for https://play-lh.googleusercontent.com/BKKLaJj7vs6NNYQeOF_-v_KmF6gPn-9Hqb8cGhHvpJzOZOQrUoNJJjJJJJJJJJJJJJJ=w240-h480-rw 400
 ⨯ upstream image response failed for https://play-lh.googleusercontent.com/VRMWkE5p3CkWhJs6nv-9ZsLAs1QOg5ob1_3qg-rckwYW7yp1fIGj_pjNqEQ6Sn2AfvU=w240-h480-rw 400
 ⨯ upstream image response failed for https://play-lh.googleusercontent.com/BKKLaJj7vs6NNYQeOF_-v_KmF6gPn-9Hqb8cGhHvpJzOZOQrUoNJJjJJJJJJJJJJJJJ=w240-h480-rw 400
 ⨯ upstream image response failed for https://play-lh.googleusercontent.com/VRMWkE5p3CkWhJs6nv-9ZsLAs1QOg5ob1_3qg-rckwYW7yp1fIGj_pjNqEQ6Sn2AfvU=w240-h480-rw 400
 ⨯ upstream image response failed for https://play-lh.googleusercontent.com/BKKLaJj7vs6NNYQeOF_-v_KmF6gPn-9Hqb8cGhHvpJzOZOQrUoNJJjJJJJJJJJJJJJJ=w240-h480-rw 400
 ⨯ upstream image response failed for https://play-lh.googleusercontent.com/VRMWkE5p3CkWhJs6nv-9ZsLAs1QOg5ob1_3qg-rckwYW7yp1fIGj_pjNqEQ6Sn2AfvU=w240-h480-rw 400
 ⨯ upstream image response failed for https://play-lh.googleusercontent.com/BKKLaJj7vs6NNYQeOF_-v_KmF6gPn-9Hqb8cGhHvpJzOZOQrUoNJJjJJJJJJJJJJJJJ=w240-h480-rw 400
 ⨯ upstream image response failed for https://play-lh.googleusercontent.com/VRMWkE5p3CkWhJs6nv-9ZsLAs1QOg5ob1_3qg-rckwYW7yp1fIGj_pjNqEQ6Sn2AfvU=w240-h480-rw 400
 ⨯ upstream image response failed for https://play-lh.googleusercontent.com/BKKLaJj7vs6NNYQeOF_-v_KmF6gPn-9Hqb8cGhHvpJzOZOQrUoNJJjJJJJJJJJJJJJJ=w240-h480-rw 400
 ⨯ upstream image response failed for https://play-lh.googleusercontent.com/VRMWkE5p3CkWhJs6nv-9ZsLAs1QOg5ob1_3qg-rckwYW7yp1fIGj_pjNqEQ6Sn2AfvU=w240-h480-rw 400
 ⨯ upstream image response failed for https://play-lh.googleusercontent.com/BKKLaJj7vs6NNYQeOF_-v_KmF6gPn-9Hqb8cGhHvpJzOZOQrUoNJJjJJJJJJJJJJJJJ=w240-h480-rw 400
 ⨯ upstream image response failed for https://play-lh.googleusercontent.com/VRMWkE5p3CkWhJs6nv-9ZsLAs1QOg5ob1_3qg-rckwYW7yp1fIGj_pjNqEQ6Sn2AfvU=w240-h480-rw 400
 ⨯ upstream image response failed for https://play-lh.googleusercontent.com/BKKLaJj7vs6NNYQeOF_-v_KmF6gPn-9Hqb8cGhHvpJzOZOQrUoNJJjJJJJJJJJJJJJJ=w240-h480-rw 400
 ⨯ upstream image response failed for https://play-lh.googleusercontent.com/VRMWkE5p3CkWhJs6nv-9ZsLAs1QOg5ob1_3qg-rckwYW7yp1fIGj_pjNqEQ6Sn2AfvU=w240-h480-rw 400
 ⨯ upstream image response failed for https://play-lh.googleusercontent.com/VRMWkE5p3CkWhJs6nv-9ZsLAs1QOg5ob1_3qg-rckwYW7yp1fIGj_pjNqEQ6Sn2AfvU=w240-h480-rw 400
 ⨯ upstream image response failed for https://play-lh.googleusercontent.com/BKKLaJj7vs6NNYQeOF_-v_KmF6gPn-9Hqb8cGhHvpJzOZOQrUoNJJjJJJJJJJJJJJJJ=w240-h480-rw 400
 ⨯ upstream image response failed for https://play-lh.googleusercontent.com/BKKLaJj7vs6NNYQeOF_-v_KmF6gPn-9Hqb8cGhHvpJzOZOQrUoNJJjJJJJJJJJJJJJJ=w240-h480-rw 400
 ⨯ upstream image response failed for https://play-lh.googleusercontent.com/VRMWkE5p3CkWhJs6nv-9ZsLAs1QOg5ob1_3qg-rckwYW7yp1fIGj_pjNqEQ6Sn2AfvU=w240-h480-rw 400
 ⚠ Unsupported metadata themeColor is configured in metadata export in /. Please move it to viewport export instead.
Read more: https://nextjs.org/docs/app/api-reference/functions/generate-viewport
 ⚠ Unsupported metadata viewport is configured in metadata export in /. Please move it to viewport export instead.
Read more: https://nextjs.org/docs/app/api-reference/functions/generate-viewport
 GET / 200 in 14ms (compile: 3ms, render: 11ms)
 ⨯ upstream image response failed for https://play-lh.googleusercontent.com/VRMWkE5p3CkWhJs6nv-9ZsLAs1QOg5ob1_3qg-rckwYW7yp1fIGj_pjNqEQ6Sn2AfvU=w240-h480-rw 400
 ⨯ upstream image response failed for https://play-lh.googleusercontent.com/BKKLaJj7vs6NNYQeOF_-v_KmF6gPn-9Hqb8cGhHvpJzOZOQrUoNJJjJJJJJJJJJJJJJ=w240-h480-rw 400
 ⨯ upstream image response failed for https://play-lh.googleusercontent.com/BKKLaJj7vs6NNYQeOF_-v_KmF6gPn-9Hqb8cGhHvpJzOZOQrUoNJJjJJJJJJJJJJJJJ=w240-h480-rw 400
 ⨯ upstream image response failed for https://play-lh.googleusercontent.com/VRMWkE5p3CkWhJs6nv-9ZsLAs1QOg5ob1_3qg-rckwYW7yp1fIGj_pjNqEQ6Sn2AfvU=w240-h480-rw 400
 ⨯ upstream image response failed for https://play-lh.googleusercontent.com/BKKLaJj7vs6NNYQeOF_-v_KmF6gPn-9Hqb8cGhHvpJzOZOQrUoNJJjJJJJJJJJJJJJJ=w240-h480-rw 400
 ⨯ upstream image response failed for https://play-lh.googleusercontent.com/VRMWkE5p3CkWhJs6nv-9ZsLAs1QOg5ob1_3qg-rckwYW7yp1fIGj_pjNqEQ6Sn2AfvU=w240-h480-rw 400
 ⨯ upstream image response failed for https://play-lh.googleusercontent.com/BKKLaJj7vs6NNYQeOF_-v_KmF6gPn-9Hqb8cGhHvpJzOZOQrUoNJJjJJJJJJJJJJJJJ=w240-h480-rw 400
 ⨯ upstream image response failed for https://play-lh.googleusercontent.com/VRMWkE5p3CkWhJs6nv-9ZsLAs1QOg5ob1_3qg-rckwYW7yp1fIGj_pjNqEQ6Sn2AfvU=w240-h480-rw 400
 ⨯ upstream image response failed for https://play-lh.googleusercontent.com/BKKLaJj7vs6NNYQeOF_-v_KmF6gPn-9Hqb8cGhHvpJzOZOQrUoNJJjJJJJJJJJJJJJJ=w240-h480-rw 400
 ⨯ upstream image response failed for https://play-lh.googleusercontent.com/VRMWkE5p3CkWhJs6nv-9ZsLAs1QOg5ob1_3qg-rckwYW7yp1fIGj_pjNqEQ6Sn2AfvU=w240-h480-rw 400
 ⨯ upstream image response failed for https://play-lh.googleusercontent.com/VRMWkE5p3CkWhJs6nv-9ZsLAs1QOg5ob1_3qg-rckwYW7yp1fIGj_pjNqEQ6Sn2AfvU=w240-h480-rw 400
 ⨯ upstream image response failed for https://play-lh.googleusercontent.com/BKKLaJj7vs6NNYQeOF_-v_KmF6gPn-9Hqb8cGhHvpJzOZOQrUoNJJjJJJJJJJJJJJJJ=w240-h480-rw 400
 ⨯ upstream image response failed for https://play-lh.googleusercontent.com/VRMWkE5p3CkWhJs6nv-9ZsLAs1QOg5ob1_3qg-rckwYW7yp1fIGj_pjNqEQ6Sn2AfvU=w240-h480-rw 400
 ⨯ upstream image response failed for https://play-lh.googleusercontent.com/BKKLaJj7vs6NNYQeOF_-v_KmF6gPn-9Hqb8cGhHvpJzOZOQrUoNJJjJJJJJJJJJJJJJ=w240-h480-rw 400
 ⨯ upstream image response failed for https://play-lh.googleusercontent.com/VRMWkE5p3CkWhJs6nv-9ZsLAs1QOg5ob1_3qg-rckwYW7yp1fIGj_pjNqEQ6Sn2AfvU=w240-h480-rw 400
 ⨯ upstream image response failed for https://play-lh.googleusercontent.com/BKKLaJj7vs6NNYQeOF_-v_KmF6gPn-9Hqb8cGhHvpJzOZOQrUoNJJjJJJJJJJJJJJJJ=w240-h480-rw 400
 ⨯ upstream image response failed for https://play-lh.googleusercontent.com/VRMWkE5p3CkWhJs6nv-9ZsLAs1QOg5ob1_3qg-rckwYW7yp1fIGj_pjNqEQ6Sn2AfvU=w240-h480-rw 400
 ⨯ upstream image response failed for https://play-lh.googleusercontent.com/BKKLaJj7vs6NNYQeOF_-v_KmF6gPn-9Hqb8cGhHvpJzOZOQrUoNJJjJJJJJJJJJJJJJ=w240-h480-rw 400
 ⚠ Unsupported metadata themeColor is configured in metadata export in /. Please move it to viewport export instead.
Read more: https://nextjs.org/docs/app/api-reference/functions/generate-viewport
 ⚠ Unsupported metadata viewport is configured in metadata export in /. Please move it to viewport export instead.
Read more: https://nextjs.org/docs/app/api-reference/functions/generate-viewport
 GET / 200 in 276ms (compile: 4ms, render: 272ms)
 ⨯ upstream image response failed for https://play-lh.googleusercontent.com/VRMWkE5p3CkWhJs6nv-9ZsLAs1QOg5ob1_3qg-rckwYW7yp1fIGj_pjNqEQ6Sn2AfvU=w240-h480-rw 400
 ⨯ upstream image response failed for https://play-lh.googleusercontent.com/BKKLaJj7vs6NNYQeOF_-v_KmF6gPn-9Hqb8cGhHvpJzOZOQrUoNJJjJJJJJJJJJJJJJ=w240-h480-rw 400
 ⨯ upstream image response failed for https://play-lh.googleusercontent.com/VRMWkE5p3CkWhJs6nv-9ZsLAs1QOg5ob1_3qg-rckwYW7yp1fIGj_pjNqEQ6Sn2AfvU=w240-h480-rw 400
 ⨯ upstream image response failed for https://play-lh.googleusercontent.com/BKKLaJj7vs6NNYQeOF_-v_KmF6gPn-9Hqb8cGhHvpJzOZOQrUoNJJjJJJJJJJJJJJJJ=w240-h480-rw 400
 ⨯ upstream image response failed for https://play-lh.googleusercontent.com/VRMWkE5p3CkWhJs6nv-9ZsLAs1QOg5ob1_3qg-rckwYW7yp1fIGj_pjNqEQ6Sn2AfvU=w240-h480-rw 400
 ⨯ upstream image response failed for https://play-lh.googleusercontent.com/BKKLaJj7vs6NNYQeOF_-v_KmF6gPn-9Hqb8cGhHvpJzOZOQrUoNJJjJJJJJJJJJJJJJ=w240-h480-rw 400
 ⚠ Unsupported metadata themeColor is configured in metadata export in /. Please move it to viewport export instead.
Read more: https://nextjs.org/docs/app/api-reference/functions/generate-viewport
 ⚠ Unsupported metadata viewport is configured in metadata export in /. Please move it to viewport export instead.
Read more: https://nextjs.org/docs/app/api-reference/functions/generate-viewport
 GET / 200 in 45ms (compile: 3ms, render: 42ms)
 ⨯ upstream image response failed for https://play-lh.googleusercontent.com/VRMWkE5p3CkWhJs6nv-9ZsLAs1QOg5ob1_3qg-rckwYW7yp1fIGj_pjNqEQ6Sn2AfvU=w240-h480-rw 400
 ⨯ upstream image response failed for https://play-lh.googleusercontent.com/BKKLaJj7vs6NNYQeOF_-v_KmF6gPn-9Hqb8cGhHvpJzOZOQrUoNJJjJJJJJJJJJJJJJ=w240-h480-rw 400
 ⨯ upstream image response failed for https://play-lh.googleusercontent.com/VRMWkE5p3CkWhJs6nv-9ZsLAs1QOg5ob1_3qg-rckwYW7yp1fIGj_pjNqEQ6Sn2AfvU=w240-h480-rw 400
 ⨯ upstream image response failed for https://play-lh.googleusercontent.com/BKKLaJj7vs6NNYQeOF_-v_KmF6gPn-9Hqb8cGhHvpJzOZOQrUoNJJjJJJJJJJJJJJJJ=w240-h480-rw 400
 ⨯ upstream image response failed for https://play-lh.googleusercontent.com/VRMWkE5p3CkWhJs6nv-9ZsLAs1QOg5ob1_3qg-rckwYW7yp1fIGj_pjNqEQ6Sn2AfvU=w240-h480-rw 400
 ⨯ upstream image response failed for https://play-lh.googleusercontent.com/BKKLaJj7vs6NNYQeOF_-v_KmF6gPn-9Hqb8cGhHvpJzOZOQrUoNJJjJJJJJJJJJJJJJ=w240-h480-rw 400
 ⨯ upstream image response failed for https://play-lh.googleusercontent.com/BKKLaJj7vs6NNYQeOF_-v_KmF6gPn-9Hqb8cGhHvpJzOZOQrUoNJJjJJJJJJJJJJJJJ=w240-h480-rw 400
 ⨯ upstream image response failed for https://play-lh.googleusercontent.com/VRMWkE5p3CkWhJs6nv-9ZsLAs1QOg5ob1_3qg-rckwYW7yp1fIGj_pjNqEQ6Sn2AfvU=w240-h480-rw 400
 ⚠ Unsupported metadata themeColor is configured in metadata export in /. Please move it to viewport export instead.
Read more: https://nextjs.org/docs/app/api-reference/functions/generate-viewport
 ⚠ Unsupported metadata viewport is configured in metadata export in /. Please move it to viewport export instead.
Read more: https://nextjs.org/docs/app/api-reference/functions/generate-viewport
 GET / 200 in 43ms (compile: 3ms, render: 40ms)
 ⨯ upstream image response failed for https://play-lh.googleusercontent.com/BKKLaJj7vs6NNYQeOF_-v_KmF6gPn-9Hqb8cGhHvpJzOZOQrUoNJJjJJJJJJJJJJJJJ=w240-h480-rw 400
 ⨯ upstream image response failed for https://play-lh.googleusercontent.com/VRMWkE5p3CkWhJs6nv-9ZsLAs1QOg5ob1_3qg-rckwYW7yp1fIGj_pjNqEQ6Sn2AfvU=w240-h480-rw 400
 ⚠ Unsupported metadata themeColor is configured in metadata export in /. Please move it to viewport export instead.
Read more: https://nextjs.org/docs/app/api-reference/functions/generate-viewport
 ⚠ Unsupported metadata viewport is configured in metadata export in /. Please move it to viewport export instead.
Read more: https://nextjs.org/docs/app/api-reference/functions/generate-viewport
 GET / 200 in 43ms (compile: 3ms, render: 39ms)
 ⨯ upstream image response failed for https://play-lh.googleusercontent.com/BKKLaJj7vs6NNYQeOF_-v_KmF6gPn-9Hqb8cGhHvpJzOZOQrUoNJJjJJJJJJJJJJJJJ=w240-h480-rw 400
 ⨯ upstream image response failed for https://play-lh.googleusercontent.com/VRMWkE5p3CkWhJs6nv-9ZsLAs1QOg5ob1_3qg-rckwYW7yp1fIGj_pjNqEQ6Sn2AfvU=w240-h480-rw 400
 ⨯ upstream image response failed for https://play-lh.googleusercontent.com/BKKLaJj7vs6NNYQeOF_-v_KmF6gPn-9Hqb8cGhHvpJzOZOQrUoNJJjJJJJJJJJJJJJJ=w240-h480-rw 400
 ⨯ upstream image response failed for https://play-lh.googleusercontent.com/VRMWkE5p3CkWhJs6nv-9ZsLAs1QOg5ob1_3qg-rckwYW7yp1fIGj_pjNqEQ6Sn2AfvU=w240-h480-rw 400
 ⨯ upstream image response failed for https://play-lh.googleusercontent.com/BKKLaJj7vs6NNYQeOF_-v_KmF6gPn-9Hqb8cGhHvpJzOZOQrUoNJJjJJJJJJJJJJJJJ=w240-h480-rw 400
 ⨯ upstream image response failed for https://play-lh.googleusercontent.com/VRMWkE5p3CkWhJs6nv-9ZsLAs1QOg5ob1_3qg-rckwYW7yp1fIGj_pjNqEQ6Sn2AfvU=w240-h480-rw 400
 ⨯ upstream image response failed for https://play-lh.googleusercontent.com/VRMWkE5p3CkWhJs6nv-9ZsLAs1QOg5ob1_3qg-rckwYW7yp1fIGj_pjNqEQ6Sn2AfvU=w240-h480-rw 400
 ⨯ upstream image response failed for https://play-lh.googleusercontent.com/BKKLaJj7vs6NNYQeOF_-v_KmF6gPn-9Hqb8cGhHvpJzOZOQrUoNJJjJJJJJJJJJJJJJ=w240-h480-rw 400
 ⚠ Unsupported metadata themeColor is configured in metadata export in /. Please move it to viewport export instead.
Read more: https://nextjs.org/docs/app/api-reference/functions/generate-viewport
 ⚠ Unsupported metadata viewport is configured in metadata export in /. Please move it to viewport export instead.
Read more: https://nextjs.org/docs/app/api-reference/functions/generate-viewport
 GET / 200 in 54ms (compile: 4ms, render: 50ms)
 ⨯ upstream image response failed for https://play-lh.googleusercontent.com/VRMWkE5p3CkWhJs6nv-9ZsLAs1QOg5ob1_3qg-rckwYW7yp1fIGj_pjNqEQ6Sn2AfvU=w240-h480-rw 400
 ⨯ upstream image response failed for https://play-lh.googleusercontent.com/BKKLaJj7vs6NNYQeOF_-v_KmF6gPn-9Hqb8cGhHvpJzOZOQrUoNJJjJJJJJJJJJJJJJ=w240-h480-rw 400
 ⨯ upstream image response failed for https://play-lh.googleusercontent.com/VRMWkE5p3CkWhJs6nv-9ZsLAs1QOg5ob1_3qg-rckwYW7yp1fIGj_pjNqEQ6Sn2AfvU=w240-h480-rw 400
 ⨯ upstream image response failed for https://play-lh.googleusercontent.com/BKKLaJj7vs6NNYQeOF_-v_KmF6gPn-9Hqb8cGhHvpJzOZOQrUoNJJjJJJJJJJJJJJJJ=w240-h480-rw 400
 ⨯ upstream image response failed for https://play-lh.googleusercontent.com/VRMWkE5p3CkWhJs6nv-9ZsLAs1QOg5ob1_3qg-rckwYW7yp1fIGj_pjNqEQ6Sn2AfvU=w240-h480-rw 400
 ⨯ upstream image response failed for https://play-lh.googleusercontent.com/BKKLaJj7vs6NNYQeOF_-v_KmF6gPn-9Hqb8cGhHvpJzOZOQrUoNJJjJJJJJJJJJJJJJ=w240-h480-rw 400
 ⚠ Unsupported metadata themeColor is configured in metadata export in /. Please move it to viewport export instead.
Read more: https://nextjs.org/docs/app/api-reference/functions/generate-viewport
 ⚠ Unsupported metadata viewport is configured in metadata export in /. Please move it to viewport export instead.
Read more: https://nextjs.org/docs/app/api-reference/functions/generate-viewport
 GET / 200 in 48ms (compile: 3ms, render: 45ms)
 ⨯ upstream image response failed for https://play-lh.googleusercontent.com/VRMWkE5p3CkWhJs6nv-9ZsLAs1QOg5ob1_3qg-rckwYW7yp1fIGj_pjNqEQ6Sn2AfvU=w240-h480-rw 400
 ⨯ upstream image response failed for https://play-lh.googleusercontent.com/BKKLaJj7vs6NNYQeOF_-v_KmF6gPn-9Hqb8cGhHvpJzOZOQrUoNJJjJJJJJJJJJJJJJ=w240-h480-rw 400
 ⨯ upstream image response failed for https://play-lh.googleusercontent.com/VRMWkE5p3CkWhJs6nv-9ZsLAs1QOg5ob1_3qg-rckwYW7yp1fIGj_pjNqEQ6Sn2AfvU=w240-h480-rw 400
 ⨯ upstream image response failed for https://play-lh.googleusercontent.com/BKKLaJj7vs6NNYQeOF_-v_KmF6gPn-9Hqb8cGhHvpJzOZOQrUoNJJjJJJJJJJJJJJJJ=w240-h480-rw 400
 ⨯ upstream image response failed for https://play-lh.googleusercontent.com/BKKLaJj7vs6NNYQeOF_-v_KmF6gPn-9Hqb8cGhHvpJzOZOQrUoNJJjJJJJJJJJJJJJJ=w240-h480-rw 400
 ⨯ upstream image response failed for https://play-lh.googleusercontent.com/VRMWkE5p3CkWhJs6nv-9ZsLAs1QOg5ob1_3qg-rckwYW7yp1fIGj_pjNqEQ6Sn2AfvU=w240-h480-rw 400
 ⨯ upstream image response failed for https://play-lh.googleusercontent.com/BKKLaJj7vs6NNYQeOF_-v_KmF6gPn-9Hqb8cGhHvpJzOZOQrUoNJJjJJJJJJJJJJJJJ=w240-h480-rw 400
 ⨯ upstream image response failed for https://play-lh.googleusercontent.com/VRMWkE5p3CkWhJs6nv-9ZsLAs1QOg5ob1_3qg-rckwYW7yp1fIGj_pjNqEQ6Sn2AfvU=w240-h480-rw 400
 ⨯ upstream image response failed for https://play-lh.googleusercontent.com/BKKLaJj7vs6NNYQeOF_-v_KmF6gPn-9Hqb8cGhHvpJzOZOQrUoNJJjJJJJJJJJJJJJJ=w240-h480-rw 400
 ⨯ upstream image response failed for https://play-lh.googleusercontent.com/VRMWkE5p3CkWhJs6nv-9ZsLAs1QOg5ob1_3qg-rckwYW7yp1fIGj_pjNqEQ6Sn2AfvU=w240-h480-rw 400
 ⨯ upstream image response failed for https://play-lh.googleusercontent.com/BKKLaJj7vs6NNYQeOF_-v_KmF6gPn-9Hqb8cGhHvpJzOZOQrUoNJJjJJJJJJJJJJJJJ=w240-h480-rw 400
 ⨯ upstream image response failed for https://play-lh.googleusercontent.com/VRMWkE5p3CkWhJs6nv-9ZsLAs1QOg5ob1_3qg-rckwYW7yp1fIGj_pjNqEQ6Sn2AfvU=w240-h480-rw 400
 ⨯ upstream image response failed for https://play-lh.googleusercontent.com/BKKLaJj7vs6NNYQeOF_-v_KmF6gPn-9Hqb8cGhHvpJzOZOQrUoNJJjJJJJJJJJJJJJJ=w240-h480-rw 400
 ⨯ upstream image response failed for https://play-lh.googleusercontent.com/VRMWkE5p3CkWhJs6nv-9ZsLAs1QOg5ob1_3qg-rckwYW7yp1fIGj_pjNqEQ6Sn2AfvU=w240-h480-rw 400
 ⨯ upstream image response failed for https://play-lh.googleusercontent.com/BKKLaJj7vs6NNYQeOF_-v_KmF6gPn-9Hqb8cGhHvpJzOZOQrUoNJJjJJJJJJJJJJJJJ=w240-h480-rw 400
 ⨯ upstream image response failed for https://play-lh.googleusercontent.com/VRMWkE5p3CkWhJs6nv-9ZsLAs1QOg5ob1_3qg-rckwYW7yp1fIGj_pjNqEQ6Sn2AfvU=w240-h480-rw 400
 ⨯ upstream image response failed for https://play-lh.googleusercontent.com/BKKLaJj7vs6NNYQeOF_-v_KmF6gPn-9Hqb8cGhHvpJzOZOQrUoNJJjJJJJJJJJJJJJJ=w240-h480-rw 400
 ⨯ upstream image response failed for https://play-lh.googleusercontent.com/VRMWkE5p3CkWhJs6nv-9ZsLAs1QOg5ob1_3qg-rckwYW7yp1fIGj_pjNqEQ6Sn2AfvU=w240-h480-rw 400
 ⨯ upstream image response failed for https://play-lh.googleusercontent.com/BKKLaJj7vs6NNYQeOF_-v_KmF6gPn-9Hqb8cGhHvpJzOZOQrUoNJJjJJJJJJJJJJJJJ=w240-h480-rw 400
 ⨯ upstream image response failed for https://play-lh.googleusercontent.com/VRMWkE5p3CkWhJs6nv-9ZsLAs1QOg5ob1_3qg-rckwYW7yp1fIGj_pjNqEQ6Sn2AfvU=w240-h480-rw 400
 ⨯ upstream image response failed for https://play-lh.googleusercontent.com/BKKLaJj7vs6NNYQeOF_-v_KmF6gPn-9Hqb8cGhHvpJzOZOQrUoNJJjJJJJJJJJJJJJJ=w240-h480-rw 400
 ⨯ upstream image response failed for https://play-lh.googleusercontent.com/VRMWkE5p3CkWhJs6nv-9ZsLAs1QOg5ob1_3qg-rckwYW7yp1fIGj_pjNqEQ6Sn2AfvU=w240-h480-rw 400
 ⨯ upstream image response failed for https://play-lh.googleusercontent.com/BKKLaJj7vs6NNYQeOF_-v_KmF6gPn-9Hqb8cGhHvpJzOZOQrUoNJJjJJJJJJJJJJJJJ=w240-h480-rw 400
 ⨯ upstream image response failed for https://play-lh.googleusercontent.com/VRMWkE5p3CkWhJs6nv-9ZsLAs1QOg5ob1_3qg-rckwYW7yp1fIGj_pjNqEQ6Sn2AfvU=w240-h480-rw 400
 ⨯ upstream image response failed for https://play-lh.googleusercontent.com/BKKLaJj7vs6NNYQeOF_-v_KmF6gPn-9Hqb8cGhHvpJzOZOQrUoNJJjJJJJJJJJJJJJJ=w240-h480-rw 400
 ⨯ upstream image response failed for https://play-lh.googleusercontent.com/VRMWkE5p3CkWhJs6nv-9ZsLAs1QOg5ob1_3qg-rckwYW7yp1fIGj_pjNqEQ6Sn2AfvU=w240-h480-rw 400
 ⨯ upstream image response failed for https://play-lh.googleusercontent.com/BKKLaJj7vs6NNYQeOF_-v_KmF6gPn-9Hqb8cGhHvpJzOZOQrUoNJJjJJJJJJJJJJJJJ=w240-h480-rw 400
 ⨯ upstream image response failed for https://play-lh.googleusercontent.com/VRMWkE5p3CkWhJs6nv-9ZsLAs1QOg5ob1_3qg-rckwYW7yp1fIGj_pjNqEQ6Sn2AfvU=w240-h480-rw 400
 ⨯ upstream image response failed for https://play-lh.googleusercontent.com/BKKLaJj7vs6NNYQeOF_-v_KmF6gPn-9Hqb8cGhHvpJzOZOQrUoNJJjJJJJJJJJJJJJJ=w240-h480-rw 400
 ⨯ upstream image response failed for https://play-lh.googleusercontent.com/VRMWkE5p3CkWhJs6nv-9ZsLAs1QOg5ob1_3qg-rckwYW7yp1fIGj_pjNqEQ6Sn2AfvU=w240-h480-rw 400
 ⨯ upstream image response failed for https://play-lh.googleusercontent.com/BKKLaJj7vs6NNYQeOF_-v_KmF6gPn-9Hqb8cGhHvpJzOZOQrUoNJJjJJJJJJJJJJJJJ=w240-h480-rw 400
 ⨯ upstream image response failed for https://play-lh.googleusercontent.com/VRMWkE5p3CkWhJs6nv-9ZsLAs1QOg5ob1_3qg-rckwYW7yp1fIGj_pjNqEQ6Sn2AfvU=w240-h480-rw 400
 ⨯ upstream image response failed for https://play-lh.googleusercontent.com/BKKLaJj7vs6NNYQeOF_-v_KmF6gPn-9Hqb8cGhHvpJzOZOQrUoNJJjJJJJJJJJJJJJJ=w240-h480-rw 400
 ⨯ upstream image response failed for https://play-lh.googleusercontent.com/VRMWkE5p3CkWhJs6nv-9ZsLAs1QOg5ob1_3qg-rckwYW7yp1fIGj_pjNqEQ6Sn2AfvU=w240-h480-rw 400
 ⨯ upstream image response failed for https://play-lh.googleusercontent.com/BKKLaJj7vs6NNYQeOF_-v_KmF6gPn-9Hqb8cGhHvpJzOZOQrUoNJJjJJJJJJJJJJJJJ=w240-h480-rw 400
 ⨯ upstream image response failed for https://play-lh.googleusercontent.com/VRMWkE5p3CkWhJs6nv-9ZsLAs1QOg5ob1_3qg-rckwYW7yp1fIGj_pjNqEQ6Sn2AfvU=w240-h480-rw 400
 ⨯ upstream image response failed for https://play-lh.googleusercontent.com/BKKLaJj7vs6NNYQeOF_-v_KmF6gPn-9Hqb8cGhHvpJzOZOQrUoNJJjJJJJJJJJJJJJJ=w240-h480-rw 400
 ⨯ upstream image response failed for https://play-lh.googleusercontent.com/VRMWkE5p3CkWhJs6nv-9ZsLAs1QOg5ob1_3qg-rckwYW7yp1fIGj_pjNqEQ6Sn2AfvU=w240-h480-rw 400
 ⨯ upstream image response failed for https://play-lh.googleusercontent.com/BKKLaJj7vs6NNYQeOF_-v_KmF6gPn-9Hqb8cGhHvpJzOZOQrUoNJJjJJJJJJJJJJJJJ=w240-h480-rw 400
 ⨯ upstream image response failed for https://play-lh.googleusercontent.com/VRMWkE5p3CkWhJs6nv-9ZsLAs1QOg5ob1_3qg-rckwYW7yp1fIGj_pjNqEQ6Sn2AfvU=w240-h480-rw 400
 ⨯ upstream image response failed for https://play-lh.googleusercontent.com/BKKLaJj7vs6NNYQeOF_-v_KmF6gPn-9Hqb8cGhHvpJzOZOQrUoNJJjJJJJJJJJJJJJJ=w240-h480-rw 400
 ⨯ upstream image response failed for https://play-lh.googleusercontent.com/VRMWkE5p3CkWhJs6nv-9ZsLAs1QOg5ob1_3qg-rckwYW7yp1fIGj_pjNqEQ6Sn2AfvU=w240-h480-rw 400
 ⨯ upstream image response failed for https://play-lh.googleusercontent.com/BKKLaJj7vs6NNYQeOF_-v_KmF6gPn-9Hqb8cGhHvpJzOZOQrUoNJJjJJJJJJJJJJJJJ=w240-h480-rw 400
 ⨯ upstream image response failed for https://play-lh.googleusercontent.com/VRMWkE5p3CkWhJs6nv-9ZsLAs1QOg5ob1_3qg-rckwYW7yp1fIGj_pjNqEQ6Sn2AfvU=w240-h480-rw 400
 ⨯ upstream image response failed for https://play-lh.googleusercontent.com/BKKLaJj7vs6NNYQeOF_-v_KmF6gPn-9Hqb8cGhHvpJzOZOQrUoNJJjJJJJJJJJJJJJJ=w240-h480-rw 400
 ⨯ upstream image response failed for https://play-lh.googleusercontent.com/VRMWkE5p3CkWhJs6nv-9ZsLAs1QOg5ob1_3qg-rckwYW7yp1fIGj_pjNqEQ6Sn2AfvU=w240-h480-rw 400
 ⨯ upstream image response failed for https://play-lh.googleusercontent.com/BKKLaJj7vs6NNYQeOF_-v_KmF6gPn-9Hqb8cGhHvpJzOZOQrUoNJJjJJJJJJJJJJJJJ=w240-h480-rw 400
 ⨯ upstream image response failed for https://play-lh.googleusercontent.com/VRMWkE5p3CkWhJs6nv-9ZsLAs1QOg5ob1_3qg-rckwYW7yp1fIGj_pjNqEQ6Sn2AfvU=w240-h480-rw 400
 ⨯ upstream image response failed for https://play-lh.googleusercontent.com/BKKLaJj7vs6NNYQeOF_-v_KmF6gPn-9Hqb8cGhHvpJzOZOQrUoNJJjJJJJJJJJJJJJJ=w240-h480-rw 400
 ⨯ upstream image response failed for https://play-lh.googleusercontent.com/VRMWkE5p3CkWhJs6nv-9ZsLAs1QOg5ob1_3qg-rckwYW7yp1fIGj_pjNqEQ6Sn2AfvU=w240-h480-rw 400
 ⨯ upstream image response failed for https://play-lh.googleusercontent.com/VRMWkE5p3CkWhJs6nv-9ZsLAs1QOg5ob1_3qg-rckwYW7yp1fIGj_pjNqEQ6Sn2AfvU=w240-h480-rw 400
 ⨯ upstream image response failed for https://play-lh.googleusercontent.com/BKKLaJj7vs6NNYQeOF_-v_KmF6gPn-9Hqb8cGhHvpJzOZOQrUoNJJjJJJJJJJJJJJJJ=w240-h480-rw 400
 ⨯ upstream image response failed for https://play-lh.googleusercontent.com/VRMWkE5p3CkWhJs6nv-9ZsLAs1QOg5ob1_3qg-rckwYW7yp1fIGj_pjNqEQ6Sn2AfvU=w240-h480-rw 400
 ⨯ upstream image response failed for https://play-lh.googleusercontent.com/BKKLaJj7vs6NNYQeOF_-v_KmF6gPn-9Hqb8cGhHvpJzOZOQrUoNJJjJJJJJJJJJJJJJ=w240-h480-rw 400
 ⨯ upstream image response failed for https://play-lh.googleusercontent.com/VRMWkE5p3CkWhJs6nv-9ZsLAs1QOg5ob1_3qg-rckwYW7yp1fIGj_pjNqEQ6Sn2AfvU=w240-h480-rw 400
 ⨯ upstream image response failed for https://play-lh.googleusercontent.com/BKKLaJj7vs6NNYQeOF_-v_KmF6gPn-9Hqb8cGhHvpJzOZOQrUoNJJjJJJJJJJJJJJJJ=w240-h480-rw 400
 ⨯ upstream image response failed for https://play-lh.googleusercontent.com/VRMWkE5p3CkWhJs6nv-9ZsLAs1QOg5ob1_3qg-rckwYW7yp1fIGj_pjNqEQ6Sn2AfvU=w240-h480-rw 400
 ⨯ upstream image response failed for https://play-lh.googleusercontent.com/BKKLaJj7vs6NNYQeOF_-v_KmF6gPn-9Hqb8cGhHvpJzOZOQrUoNJJjJJJJJJJJJJJJJ=w240-h480-rw 400
 ⨯ upstream image response failed for https://play-lh.googleusercontent.com/VRMWkE5p3CkWhJs6nv-9ZsLAs1QOg5ob1_3qg-rckwYW7yp1fIGj_pjNqEQ6Sn2AfvU=w240-h480-rw 400
 ⨯ upstream image response failed for https://play-lh.googleusercontent.com/BKKLaJj7vs6NNYQeOF_-v_KmF6gPn-9Hqb8cGhHvpJzOZOQrUoNJJjJJJJJJJJJJJJJ=w240-h480-rw 400
 ⨯ upstream image response failed for https://play-lh.googleusercontent.com/VRMWkE5p3CkWhJs6nv-9ZsLAs1QOg5ob1_3qg-rckwYW7yp1fIGj_pjNqEQ6Sn2AfvU=w240-h480-rw 400
 ⨯ upstream image response failed for https://play-lh.googleusercontent.com/BKKLaJj7vs6NNYQeOF_-v_KmF6gPn-9Hqb8cGhHvpJzOZOQrUoNJJjJJJJJJJJJJJJJ=w240-h480-rw 400
 ⨯ upstream image response failed for https://play-lh.googleusercontent.com/VRMWkE5p3CkWhJs6nv-9ZsLAs1QOg5ob1_3qg-rckwYW7yp1fIGj_pjNqEQ6Sn2AfvU=w240-h480-rw 400
 ⨯ upstream image response failed for https://play-lh.googleusercontent.com/BKKLaJj7vs6NNYQeOF_-v_KmF6gPn-9Hqb8cGhHvpJzOZOQrUoNJJjJJJJJJJJJJJJJ=w240-h480-rw 400
 ⨯ upstream image response failed for https://play-lh.googleusercontent.com/VRMWkE5p3CkWhJs6nv-9ZsLAs1QOg5ob1_3qg-rckwYW7yp1fIGj_pjNqEQ6Sn2AfvU=w240-h480-rw 400
 ⨯ upstream image response failed for https://play-lh.googleusercontent.com/BKKLaJj7vs6NNYQeOF_-v_KmF6gPn-9Hqb8cGhHvpJzOZOQrUoNJJjJJJJJJJJJJJJJ=w240-h480-rw 400
 ⨯ upstream image response failed for https://play-lh.googleusercontent.com/VRMWkE5p3CkWhJs6nv-9ZsLAs1QOg5ob1_3qg-rckwYW7yp1fIGj_pjNqEQ6Sn2AfvU=w240-h480-rw 400
 ⨯ upstream image response failed for https://play-lh.googleusercontent.com/BKKLaJj7vs6NNYQeOF_-v_KmF6gPn-9Hqb8cGhHvpJzOZOQrUoNJJjJJJJJJJJJJJJJ=w240-h480-rw 400
 ⨯ upstream image response failed for https://play-lh.googleusercontent.com/VRMWkE5p3CkWhJs6nv-9ZsLAs1QOg5ob1_3qg-rckwYW7yp1fIGj_pjNqEQ6Sn2AfvU=w240-h480-rw 400
 ⨯ upstream image response failed for https://play-lh.googleusercontent.com/BKKLaJj7vs6NNYQeOF_-v_KmF6gPn-9Hqb8cGhHvpJzOZOQrUoNJJjJJJJJJJJJJJJJ=w240-h480-rw 400
 ⨯ upstream image response failed for https://play-lh.googleusercontent.com/VRMWkE5p3CkWhJs6nv-9ZsLAs1QOg5ob1_3qg-rckwYW7yp1fIGj_pjNqEQ6Sn2AfvU=w240-h480-rw 400
 ⨯ upstream image response failed for https://play-lh.googleusercontent.com/BKKLaJj7vs6NNYQeOF_-v_KmF6gPn-9Hqb8cGhHvpJzOZOQrUoNJJjJJJJJJJJJJJJJ=w240-h480-rw 400
 ⨯ upstream image response failed for https://play-lh.googleusercontent.com/VRMWkE5p3CkWhJs6nv-9ZsLAs1QOg5ob1_3qg-rckwYW7yp1fIGj_pjNqEQ6Sn2AfvU=w240-h480-rw 400
 ⨯ upstream image response failed for https://play-lh.googleusercontent.com/BKKLaJj7vs6NNYQeOF_-v_KmF6gPn-9Hqb8cGhHvpJzOZOQrUoNJJjJJJJJJJJJJJJJ=w240-h480-rw 400
 ⨯ upstream image response failed for https://play-lh.googleusercontent.com/VRMWkE5p3CkWhJs6nv-9ZsLAs1QOg5ob1_3qg-rckwYW7yp1fIGj_pjNqEQ6Sn2AfvU=w240-h480-rw 400
 ⨯ upstream image response failed for https://play-lh.googleusercontent.com/BKKLaJj7vs6NNYQeOF_-v_KmF6gPn-9Hqb8cGhHvpJzOZOQrUoNJJjJJJJJJJJJJJJJ=w240-h480-rw 400
 ⨯ upstream image response failed for https://play-lh.googleusercontent.com/VRMWkE5p3CkWhJs6nv-9ZsLAs1QOg5ob1_3qg-rckwYW7yp1fIGj_pjNqEQ6Sn2AfvU=w240-h480-rw 400
 ⨯ upstream image response failed for https://play-lh.googleusercontent.com/BKKLaJj7vs6NNYQeOF_-v_KmF6gPn-9Hqb8cGhHvpJzOZOQrUoNJJjJJJJJJJJJJJJJ=w240-h480-rw 400
 ⨯ upstream image response failed for https://play-lh.googleusercontent.com/VRMWkE5p3CkWhJs6nv-9ZsLAs1QOg5ob1_3qg-rckwYW7yp1fIGj_pjNqEQ6Sn2AfvU=w240-h480-rw 400
 ⨯ upstream image response failed for https://play-lh.googleusercontent.com/BKKLaJj7vs6NNYQeOF_-v_KmF6gPn-9Hqb8cGhHvpJzOZOQrUoNJJjJJJJJJJJJJJJJ=w240-h480-rw 400
 ⨯ upstream image response failed for https://play-lh.googleusercontent.com/VRMWkE5p3CkWhJs6nv-9ZsLAs1QOg5ob1_3qg-rckwYW7yp1fIGj_pjNqEQ6Sn2AfvU=w240-h480-rw 400
 ⨯ upstream image response failed for https://play-lh.googleusercontent.com/BKKLaJj7vs6NNYQeOF_-v_KmF6gPn-9Hqb8cGhHvpJzOZOQrUoNJJjJJJJJJJJJJJJJ=w240-h480-rw 400
 ⨯ upstream image response failed for https://play-lh.googleusercontent.com/VRMWkE5p3CkWhJs6nv-9ZsLAs1QOg5ob1_3qg-rckwYW7yp1fIGj_pjNqEQ6Sn2AfvU=w240-h480-rw 400
 ⨯ upstream image response failed for https://play-lh.googleusercontent.com/BKKLaJj7vs6NNYQeOF_-v_KmF6gPn-9Hqb8cGhHvpJzOZOQrUoNJJjJJJJJJJJJJJJJ=w240-h480-rw 400
 ⨯ upstream image response failed for https://play-lh.googleusercontent.com/VRMWkE5p3CkWhJs6nv-9ZsLAs1QOg5ob1_3qg-rckwYW7yp1fIGj_pjNqEQ6Sn2AfvU=w240-h480-rw 400
 ⨯ upstream image response failed for https://play-lh.googleusercontent.com/BKKLaJj7vs6NNYQeOF_-v_KmF6gPn-9Hqb8cGhHvpJzOZOQrUoNJJjJJJJJJJJJJJJJ=w240-h480-rw 400
 ⨯ upstream image response failed for https://play-lh.googleusercontent.com/VRMWkE5p3CkWhJs6nv-9ZsLAs1QOg5ob1_3qg-rckwYW7yp1fIGj_pjNqEQ6Sn2AfvU=w240-h480-rw 400
 ⨯ upstream image response failed for https://play-lh.googleusercontent.com/BKKLaJj7vs6NNYQeOF_-v_KmF6gPn-9Hqb8cGhHvpJzOZOQrUoNJJjJJJJJJJJJJJJJ=w240-h480-rw 400
 ⨯ upstream image response failed for https://play-lh.googleusercontent.com/VRMWkE5p3CkWhJs6nv-9ZsLAs1QOg5ob1_3qg-rckwYW7yp1fIGj_pjNqEQ6Sn2AfvU=w240-h480-rw 400
 ⨯ upstream image response failed for https://play-lh.googleusercontent.com/BKKLaJj7vs6NNYQeOF_-v_KmF6gPn-9Hqb8cGhHvpJzOZOQrUoNJJjJJJJJJJJJJJJJ=w240-h480-rw 400
 ⨯ upstream image response failed for https://play-lh.googleusercontent.com/VRMWkE5p3CkWhJs6nv-9ZsLAs1QOg5ob1_3qg-rckwYW7yp1fIGj_pjNqEQ6Sn2AfvU=w240-h480-rw 400
 ⨯ upstream image response failed for https://play-lh.googleusercontent.com/BKKLaJj7vs6NNYQeOF_-v_KmF6gPn-9Hqb8cGhHvpJzOZOQrUoNJJjJJJJJJJJJJJJJ=w240-h480-rw 400
 ⨯ upstream image response failed for https://play-lh.googleusercontent.com/BKKLaJj7vs6NNYQeOF_-v_KmF6gPn-9Hqb8cGhHvpJzOZOQrUoNJJjJJJJJJJJJJJJJ=w240-h480-rw 400
 ⨯ upstream image response failed for https://play-lh.googleusercontent.com/VRMWkE5p3CkWhJs6nv-9ZsLAs1QOg5ob1_3qg-rckwYW7yp1fIGj_pjNqEQ6Sn2AfvU=w240-h480-rw 400
 ⨯ upstream image response failed for https://play-lh.googleusercontent.com/BKKLaJj7vs6NNYQeOF_-v_KmF6gPn-9Hqb8cGhHvpJzOZOQrUoNJJjJJJJJJJJJJJJJ=w240-h480-rw 400
 ⨯ upstream image response failed for https://play-lh.googleusercontent.com/VRMWkE5p3CkWhJs6nv-9ZsLAs1QOg5ob1_3qg-rckwYW7yp1fIGj_pjNqEQ6Sn2AfvU=w240-h480-rw 400
 ⨯ upstream image response failed for https://play-lh.googleusercontent.com/VRMWkE5p3CkWhJs6nv-9ZsLAs1QOg5ob1_3qg-rckwYW7yp1fIGj_pjNqEQ6Sn2AfvU=w240-h480-rw 400
 ⨯ upstream image response failed for https://play-lh.googleusercontent.com/BKKLaJj7vs6NNYQeOF_-v_KmF6gPn-9Hqb8cGhHvpJzOZOQrUoNJJjJJJJJJJJJJJJJ=w240-h480-rw 400
 ⨯ upstream image response failed for https://play-lh.googleusercontent.com/VRMWkE5p3CkWhJs6nv-9ZsLAs1QOg5ob1_3qg-rckwYW7yp1fIGj_pjNqEQ6Sn2AfvU=w240-h480-rw 400
 ⨯ upstream image response failed for https://play-lh.googleusercontent.com/BKKLaJj7vs6NNYQeOF_-v_KmF6gPn-9Hqb8cGhHvpJzOZOQrUoNJJjJJJJJJJJJJJJJ=w240-h480-rw 400
 ⨯ upstream image response failed for https://play-lh.googleusercontent.com/VRMWkE5p3CkWhJs6nv-9ZsLAs1QOg5ob1_3qg-rckwYW7yp1fIGj_pjNqEQ6Sn2AfvU=w240-h480-rw 400
 ⨯ upstream image response failed for https://play-lh.googleusercontent.com/BKKLaJj7vs6NNYQeOF_-v_KmF6gPn-9Hqb8cGhHvpJzOZOQrUoNJJjJJJJJJJJJJJJJ=w240-h480-rw 400
 ⨯ upstream image response failed for https://play-lh.googleusercontent.com/VRMWkE5p3CkWhJs6nv-9ZsLAs1QOg5ob1_3qg-rckwYW7yp1fIGj_pjNqEQ6Sn2AfvU=w240-h480-rw 400
 ⨯ upstream image response failed for https://play-lh.googleusercontent.com/BKKLaJj7vs6NNYQeOF_-v_KmF6gPn-9Hqb8cGhHvpJzOZOQrUoNJJjJJJJJJJJJJJJJ=w240-h480-rw 400
 ⨯ upstream image response failed for https://play-lh.googleusercontent.com/VRMWkE5p3CkWhJs6nv-9ZsLAs1QOg5ob1_3qg-rckwYW7yp1fIGj_pjNqEQ6Sn2AfvU=w240-h480-rw 400
 ⨯ upstream image response failed for https://play-lh.googleusercontent.com/BKKLaJj7vs6NNYQeOF_-v_KmF6gPn-9Hqb8cGhHvpJzOZOQrUoNJJjJJJJJJJJJJJJJ=w240-h480-rw 400
 ⨯ upstream image response failed for https://play-lh.googleusercontent.com/VRMWkE5p3CkWhJs6nv-9ZsLAs1QOg5ob1_3qg-rckwYW7yp1fIGj_pjNqEQ6Sn2AfvU=w240-h480-rw 400
 ⨯ upstream image response failed for https://play-lh.googleusercontent.com/BKKLaJj7vs6NNYQeOF_-v_KmF6gPn-9Hqb8cGhHvpJzOZOQrUoNJJjJJJJJJJJJJJJJ=w240-h480-rw 400
 ⨯ upstream image response failed for https://play-lh.googleusercontent.com/VRMWkE5p3CkWhJs6nv-9ZsLAs1QOg5ob1_3qg-rckwYW7yp1fIGj_pjNqEQ6Sn2AfvU=w240-h480-rw 400
 ⨯ upstream image response failed for https://play-lh.googleusercontent.com/BKKLaJj7vs6NNYQeOF_-v_KmF6gPn-9Hqb8cGhHvpJzOZOQrUoNJJjJJJJJJJJJJJJJ=w240-h480-rw 400
 ⨯ upstream image response failed for https://play-lh.googleusercontent.com/VRMWkE5p3CkWhJs6nv-9ZsLAs1QOg5ob1_3qg-rckwYW7yp1fIGj_pjNqEQ6Sn2AfvU=w240-h480-rw 400
 ⨯ upstream image response failed for https://play-lh.googleusercontent.com/BKKLaJj7vs6NNYQeOF_-v_KmF6gPn-9Hqb8cGhHvpJzOZOQrUoNJJjJJJJJJJJJJJJJ=w240-h480-rw 400
 ⨯ upstream image response failed for https://play-lh.googleusercontent.com/VRMWkE5p3CkWhJs6nv-9ZsLAs1QOg5ob1_3qg-rckwYW7yp1fIGj_pjNqEQ6Sn2AfvU=w240-h480-rw 400
 ⨯ upstream image response failed for https://play-lh.googleusercontent.com/BKKLaJj7vs6NNYQeOF_-v_KmF6gPn-9Hqb8cGhHvpJzOZOQrUoNJJjJJJJJJJJJJJJJ=w240-h480-rw 400
 ⨯ upstream image response failed for https://play-lh.googleusercontent.com/VRMWkE5p3CkWhJs6nv-9ZsLAs1QOg5ob1_3qg-rckwYW7yp1fIGj_pjNqEQ6Sn2AfvU=w240-h480-rw 400
 ⨯ upstream image response failed for https://play-lh.googleusercontent.com/BKKLaJj7vs6NNYQeOF_-v_KmF6gPn-9Hqb8cGhHvpJzOZOQrUoNJJjJJJJJJJJJJJJJ=w240-h480-rw 400
 ⨯ upstream image response failed for https://play-lh.googleusercontent.com/VRMWkE5p3CkWhJs6nv-9ZsLAs1QOg5ob1_3qg-rckwYW7yp1fIGj_pjNqEQ6Sn2AfvU=w240-h480-rw 400
 ⨯ upstream image response failed for https://play-lh.googleusercontent.com/BKKLaJj7vs6NNYQeOF_-v_KmF6gPn-9Hqb8cGhHvpJzOZOQrUoNJJjJJJJJJJJJJJJJ=w240-h480-rw 400
 ⨯ upstream image response failed for https://play-lh.googleusercontent.com/BKKLaJj7vs6NNYQeOF_-v_KmF6gPn-9Hqb8cGhHvpJzOZOQrUoNJJjJJJJJJJJJJJJJ=w240-h480-rw 400
 ⨯ upstream image response failed for https://play-lh.googleusercontent.com/VRMWkE5p3CkWhJs6nv-9ZsLAs1QOg5ob1_3qg-rckwYW7yp1fIGj_pjNqEQ6Sn2AfvU=w240-h480-rw 400
 ⨯ upstream image response failed for https://play-lh.googleusercontent.com/BKKLaJj7vs6NNYQeOF_-v_KmF6gPn-9Hqb8cGhHvpJzOZOQrUoNJJjJJJJJJJJJJJJJ=w240-h480-rw 400
 ⨯ upstream image response failed for https://play-lh.googleusercontent.com/VRMWkE5p3CkWhJs6nv-9ZsLAs1QOg5ob1_3qg-rckwYW7yp1fIGj_pjNqEQ6Sn2AfvU=w240-h480-rw 400
 ⨯ upstream image response failed for https://play-lh.googleusercontent.com/BKKLaJj7vs6NNYQeOF_-v_KmF6gPn-9Hqb8cGhHvpJzOZOQrUoNJJjJJJJJJJJJJJJJ=w240-h480-rw 400
 ⨯ upstream image response failed for https://play-lh.googleusercontent.com/VRMWkE5p3CkWhJs6nv-9ZsLAs1QOg5ob1_3qg-rckwYW7yp1fIGj_pjNqEQ6Sn2AfvU=w240-h480-rw 400
 ⨯ upstream image response failed for https://play-lh.googleusercontent.com/BKKLaJj7vs6NNYQeOF_-v_KmF6gPn-9Hqb8cGhHvpJzOZOQrUoNJJjJJJJJJJJJJJJJ=w240-h480-rw 400
 ⨯ upstream image response failed for https://play-lh.googleusercontent.com/VRMWkE5p3CkWhJs6nv-9ZsLAs1QOg5ob1_3qg-rckwYW7yp1fIGj_pjNqEQ6Sn2AfvU=w240-h480-rw 400
 ⨯ upstream image response failed for https://play-lh.googleusercontent.com/BKKLaJj7vs6NNYQeOF_-v_KmF6gPn-9Hqb8cGhHvpJzOZOQrUoNJJjJJJJJJJJJJJJJ=w240-h480-rw 400
 ⨯ upstream image response failed for https://play-lh.googleusercontent.com/VRMWkE5p3CkWhJs6nv-9ZsLAs1QOg5ob1_3qg-rckwYW7yp1fIGj_pjNqEQ6Sn2AfvU=w240-h480-rw 400
 ⨯ upstream image response failed for https://play-lh.googleusercontent.com/BKKLaJj7vs6NNYQeOF_-v_KmF6gPn-9Hqb8cGhHvpJzOZOQrUoNJJjJJJJJJJJJJJJJ=w240-h480-rw 400
 ⨯ upstream image response failed for https://play-lh.googleusercontent.com/VRMWkE5p3CkWhJs6nv-9ZsLAs1QOg5ob1_3qg-rckwYW7yp1fIGj_pjNqEQ6Sn2AfvU=w240-h480-rw 400
 ⨯ upstream image response failed for https://play-lh.googleusercontent.com/BKKLaJj7vs6NNYQeOF_-v_KmF6gPn-9Hqb8cGhHvpJzOZOQrUoNJJjJJJJJJJJJJJJJ=w240-h480-rw 400
 ⨯ upstream image response failed for https://play-lh.googleusercontent.com/VRMWkE5p3CkWhJs6nv-9ZsLAs1QOg5ob1_3qg-rckwYW7yp1fIGj_pjNqEQ6Sn2AfvU=w240-h480-rw 400
 ⨯ upstream image response failed for https://play-lh.googleusercontent.com/BKKLaJj7vs6NNYQeOF_-v_KmF6gPn-9Hqb8cGhHvpJzOZOQrUoNJJjJJJJJJJJJJJJJ=w240-h480-rw 400
 ⨯ upstream image response failed for https://play-lh.googleusercontent.com/VRMWkE5p3CkWhJs6nv-9ZsLAs1QOg5ob1_3qg-rckwYW7yp1fIGj_pjNqEQ6Sn2AfvU=w240-h480-rw 400
 ⨯ upstream image response failed for https://play-lh.googleusercontent.com/BKKLaJj7vs6NNYQeOF_-v_KmF6gPn-9Hqb8cGhHvpJzOZOQrUoNJJjJJJJJJJJJJJJJ=w240-h480-rw 400
 ⨯ upstream image response failed for https://play-lh.googleusercontent.com/VRMWkE5p3CkWhJs6nv-9ZsLAs1QOg5ob1_3qg-rckwYW7yp1fIGj_pjNqEQ6Sn2AfvU=w240-h480-rw 400
 ⨯ upstream image response failed for https://play-lh.googleusercontent.com/BKKLaJj7vs6NNYQeOF_-v_KmF6gPn-9Hqb8cGhHvpJzOZOQrUoNJJjJJJJJJJJJJJJJ=w240-h480-rw 400
 ⨯ upstream image response failed for https://play-lh.googleusercontent.com/VRMWkE5p3CkWhJs6nv-9ZsLAs1QOg5ob1_3qg-rckwYW7yp1fIGj_pjNqEQ6Sn2AfvU=w240-h480-rw 400
 ⨯ upstream image response failed for https://play-lh.googleusercontent.com/BKKLaJj7vs6NNYQeOF_-v_KmF6gPn-9Hqb8cGhHvpJzOZOQrUoNJJjJJJJJJJJJJJJJ=w240-h480-rw 400
 ⨯ upstream image response failed for https://play-lh.googleusercontent.com/VRMWkE5p3CkWhJs6nv-9ZsLAs1QOg5ob1_3qg-rckwYW7yp1fIGj_pjNqEQ6Sn2AfvU=w240-h480-rw 400
 ⨯ upstream image response failed for https://play-lh.googleusercontent.com/BKKLaJj7vs6NNYQeOF_-v_KmF6gPn-9Hqb8cGhHvpJzOZOQrUoNJJjJJJJJJJJJJJJJ=w240-h480-rw 400
 ⨯ upstream image response failed for https://play-lh.googleusercontent.com/VRMWkE5p3CkWhJs6nv-9ZsLAs1QOg5ob1_3qg-rckwYW7yp1fIGj_pjNqEQ6Sn2AfvU=w240-h480-rw 400
 ⨯ upstream image response failed for https://play-lh.googleusercontent.com/BKKLaJj7vs6NNYQeOF_-v_KmF6gPn-9Hqb8cGhHvpJzOZOQrUoNJJjJJJJJJJJJJJJJ=w240-h480-rw 400
 ⨯ upstream image response failed for https://play-lh.googleusercontent.com/VRMWkE5p3CkWhJs6nv-9ZsLAs1QOg5ob1_3qg-rckwYW7yp1fIGj_pjNqEQ6Sn2AfvU=w240-h480-rw 400
 ⨯ upstream image response failed for https://play-lh.googleusercontent.com/BKKLaJj7vs6NNYQeOF_-v_KmF6gPn-9Hqb8cGhHvpJzOZOQrUoNJJjJJJJJJJJJJJJJ=w240-h480-rw 400
 ⨯ upstream image response failed for https://play-lh.googleusercontent.com/VRMWkE5p3CkWhJs6nv-9ZsLAs1QOg5ob1_3qg-rckwYW7yp1fIGj_pjNqEQ6Sn2AfvU=w240-h480-rw 400
 ⨯ upstream image response failed for https://play-lh.googleusercontent.com/BKKLaJj7vs6NNYQeOF_-v_KmF6gPn-9Hqb8cGhHvpJzOZOQrUoNJJjJJJJJJJJJJJJJ=w240-h480-rw 400
 ⨯ upstream image response failed for https://play-lh.googleusercontent.com/VRMWkE5p3CkWhJs6nv-9ZsLAs1QOg5ob1_3qg-rckwYW7yp1fIGj_pjNqEQ6Sn2AfvU=w240-h480-rw 400
 ⨯ upstream image response failed for https://play-lh.googleusercontent.com/BKKLaJj7vs6NNYQeOF_-v_KmF6gPn-9Hqb8cGhHvpJzOZOQrUoNJJjJJJJJJJJJJJJJ=w240-h480-rw 400
 ⨯ upstream image response failed for https://play-lh.googleusercontent.com/VRMWkE5p3CkWhJs6nv-9ZsLAs1QOg5ob1_3qg-rckwYW7yp1fIGj_pjNqEQ6Sn2AfvU=w240-h480-rw 400
 ⨯ upstream image response failed for https://play-lh.googleusercontent.com/BKKLaJj7vs6NNYQeOF_-v_KmF6gPn-9Hqb8cGhHvpJzOZOQrUoNJJjJJJJJJJJJJJJJ=w240-h480-rw 400
 ⨯ upstream image response failed for https://play-lh.googleusercontent.com/VRMWkE5p3CkWhJs6nv-9ZsLAs1QOg5ob1_3qg-rckwYW7yp1fIGj_pjNqEQ6Sn2AfvU=w240-h480-rw 400
 ⨯ upstream image response failed for https://play-lh.googleusercontent.com/VRMWkE5p3CkWhJs6nv-9ZsLAs1QOg5ob1_3qg-rckwYW7yp1fIGj_pjNqEQ6Sn2AfvU=w240-h480-rw 400
 ⨯ upstream image response failed for https://play-lh.googleusercontent.com/BKKLaJj7vs6NNYQeOF_-v_KmF6gPn-9Hqb8cGhHvpJzOZOQrUoNJJjJJJJJJJJJJJJJ=w240-h480-rw 400
 ⨯ upstream image response failed for https://play-lh.googleusercontent.com/VRMWkE5p3CkWhJs6nv-9ZsLAs1QOg5ob1_3qg-rckwYW7yp1fIGj_pjNqEQ6Sn2AfvU=w240-h480-rw 400
 ⨯ upstream image response failed for https://play-lh.googleusercontent.com/BKKLaJj7vs6NNYQeOF_-v_KmF6gPn-9Hqb8cGhHvpJzOZOQrUoNJJjJJJJJJJJJJJJJ=w240-h480-rw 400
 ⨯ upstream image response failed for https://play-lh.googleusercontent.com/VRMWkE5p3CkWhJs6nv-9ZsLAs1QOg5ob1_3qg-rckwYW7yp1fIGj_pjNqEQ6Sn2AfvU=w240-h480-rw 400
 ⨯ upstream image response failed for https://play-lh.googleusercontent.com/BKKLaJj7vs6NNYQeOF_-v_KmF6gPn-9Hqb8cGhHvpJzOZOQrUoNJJjJJJJJJJJJJJJJ=w240-h480-rw 400
 ⨯ upstream image response failed for https://play-lh.googleusercontent.com/VRMWkE5p3CkWhJs6nv-9ZsLAs1QOg5ob1_3qg-rckwYW7yp1fIGj_pjNqEQ6Sn2AfvU=w240-h480-rw 400
 ⨯ upstream image response failed for https://play-lh.googleusercontent.com/BKKLaJj7vs6NNYQeOF_-v_KmF6gPn-9Hqb8cGhHvpJzOZOQrUoNJJjJJJJJJJJJJJJJ=w240-h480-rw 400
 ⨯ upstream image response failed for https://play-lh.googleusercontent.com/VRMWkE5p3CkWhJs6nv-9ZsLAs1QOg5ob1_3qg-rckwYW7yp1fIGj_pjNqEQ6Sn2AfvU=w240-h480-rw 400
 ⨯ upstream image response failed for https://play-lh.googleusercontent.com/BKKLaJj7vs6NNYQeOF_-v_KmF6gPn-9Hqb8cGhHvpJzOZOQrUoNJJjJJJJJJJJJJJJJ=w240-h480-rw 400
 ⨯ upstream image response failed for https://play-lh.googleusercontent.com/VRMWkE5p3CkWhJs6nv-9ZsLAs1QOg5ob1_3qg-rckwYW7yp1fIGj_pjNqEQ6Sn2AfvU=w240-h480-rw 400
 ⨯ upstream image response failed for https://play-lh.googleusercontent.com/BKKLaJj7vs6NNYQeOF_-v_KmF6gPn-9Hqb8cGhHvpJzOZOQrUoNJJjJJJJJJJJJJJJJ=w240-h480-rw 400
 ⨯ upstream image response failed for https://play-lh.googleusercontent.com/VRMWkE5p3CkWhJs6nv-9ZsLAs1QOg5ob1_3qg-rckwYW7yp1fIGj_pjNqEQ6Sn2AfvU=w240-h480-rw 400
 ⨯ upstream image response failed for https://play-lh.googleusercontent.com/BKKLaJj7vs6NNYQeOF_-v_KmF6gPn-9Hqb8cGhHvpJzOZOQrUoNJJjJJJJJJJJJJJJJ=w240-h480-rw 400
 ⨯ upstream image response failed for https://play-lh.googleusercontent.com/VRMWkE5p3CkWhJs6nv-9ZsLAs1QOg5ob1_3qg-rckwYW7yp1fIGj_pjNqEQ6Sn2AfvU=w240-h480-rw 400
 ⨯ upstream image response failed for https://play-lh.googleusercontent.com/BKKLaJj7vs6NNYQeOF_-v_KmF6gPn-9Hqb8cGhHvpJzOZOQrUoNJJjJJJJJJJJJJJJJ=w240-h480-rw 400
 ⨯ upstream image response failed for https://play-lh.googleusercontent.com/VRMWkE5p3CkWhJs6nv-9ZsLAs1QOg5ob1_3qg-rckwYW7yp1fIGj_pjNqEQ6Sn2AfvU=w240-h480-rw 400
 ⨯ upstream image response failed for https://play-lh.googleusercontent.com/BKKLaJj7vs6NNYQeOF_-v_KmF6gPn-9Hqb8cGhHvpJzOZOQrUoNJJjJJJJJJJJJJJJJ=w240-h480-rw 400
 ⨯ upstream image response failed for https://play-lh.googleusercontent.com/VRMWkE5p3CkWhJs6nv-9ZsLAs1QOg5ob1_3qg-rckwYW7yp1fIGj_pjNqEQ6Sn2AfvU=w240-h480-rw 400
 ⨯ upstream image response failed for https://play-lh.googleusercontent.com/BKKLaJj7vs6NNYQeOF_-v_KmF6gPn-9Hqb8cGhHvpJzOZOQrUoNJJjJJJJJJJJJJJJJ=w240-h480-rw 400
 ⨯ upstream image response failed for https://play-lh.googleusercontent.com/VRMWkE5p3CkWhJs6nv-9ZsLAs1QOg5ob1_3qg-rckwYW7yp1fIGj_pjNqEQ6Sn2AfvU=w240-h480-rw 400
 ⨯ upstream image response failed for https://play-lh.googleusercontent.com/BKKLaJj7vs6NNYQeOF_-v_KmF6gPn-9Hqb8cGhHvpJzOZOQrUoNJJjJJJJJJJJJJJJJ=w240-h480-rw 400
 ⨯ upstream image response failed for https://play-lh.googleusercontent.com/VRMWkE5p3CkWhJs6nv-9ZsLAs1QOg5ob1_3qg-rckwYW7yp1fIGj_pjNqEQ6Sn2AfvU=w240-h480-rw 400
 ⨯ upstream image response failed for https://play-lh.googleusercontent.com/BKKLaJj7vs6NNYQeOF_-v_KmF6gPn-9Hqb8cGhHvpJzOZOQrUoNJJjJJJJJJJJJJJJJ=w240-h480-rw 400
 ⨯ upstream image response failed for https://play-lh.googleusercontent.com/VRMWkE5p3CkWhJs6nv-9ZsLAs1QOg5ob1_3qg-rckwYW7yp1fIGj_pjNqEQ6Sn2AfvU=w240-h480-rw 400
 ⨯ upstream image response failed for https://play-lh.googleusercontent.com/BKKLaJj7vs6NNYQeOF_-v_KmF6gPn-9Hqb8cGhHvpJzOZOQrUoNJJjJJJJJJJJJJJJJ=w240-h480-rw 400
 ⨯ upstream image response failed for https://play-lh.googleusercontent.com/VRMWkE5p3CkWhJs6nv-9ZsLAs1QOg5ob1_3qg-rckwYW7yp1fIGj_pjNqEQ6Sn2AfvU=w240-h480-rw 400
 ⨯ upstream image response failed for https://play-lh.googleusercontent.com/BKKLaJj7vs6NNYQeOF_-v_KmF6gPn-9Hqb8cGhHvpJzOZOQrUoNJJjJJJJJJJJJJJJJ=w240-h480-rw 400
 ⨯ upstream image response failed for https://play-lh.googleusercontent.com/VRMWkE5p3CkWhJs6nv-9ZsLAs1QOg5ob1_3qg-rckwYW7yp1fIGj_pjNqEQ6Sn2AfvU=w240-h480-rw 400
 ⨯ upstream image response failed for https://play-lh.googleusercontent.com/BKKLaJj7vs6NNYQeOF_-v_KmF6gPn-9Hqb8cGhHvpJzOZOQrUoNJJjJJJJJJJJJJJJJ=w240-h480-rw 400
 ⨯ upstream image response failed for https://play-lh.googleusercontent.com/VRMWkE5p3CkWhJs6nv-9ZsLAs1QOg5ob1_3qg-rckwYW7yp1fIGj_pjNqEQ6Sn2AfvU=w240-h480-rw 400
 ⨯ upstream image response failed for https://play-lh.googleusercontent.com/BKKLaJj7vs6NNYQeOF_-v_KmF6gPn-9Hqb8cGhHvpJzOZOQrUoNJJjJJJJJJJJJJJJJ=w240-h480-rw 400
 ⨯ upstream image response failed for https://play-lh.googleusercontent.com/VRMWkE5p3CkWhJs6nv-9ZsLAs1QOg5ob1_3qg-rckwYW7yp1fIGj_pjNqEQ6Sn2AfvU=w240-h480-rw 400
 ⨯ upstream image response failed for https://play-lh.googleusercontent.com/BKKLaJj7vs6NNYQeOF_-v_KmF6gPn-9Hqb8cGhHvpJzOZOQrUoNJJjJJJJJJJJJJJJJ=w240-h480-rw 400
 ⨯ upstream image response failed for https://play-lh.googleusercontent.com/BKKLaJj7vs6NNYQeOF_-v_KmF6gPn-9Hqb8cGhHvpJzOZOQrUoNJJjJJJJJJJJJJJJJ=w240-h480-rw 400
 ⨯ upstream image response failed for https://play-lh.googleusercontent.com/VRMWkE5p3CkWhJs6nv-9ZsLAs1QOg5ob1_3qg-rckwYW7yp1fIGj_pjNqEQ6Sn2AfvU=w240-h480-rw 400
 ⨯ upstream image response failed for https://play-lh.googleusercontent.com/BKKLaJj7vs6NNYQeOF_-v_KmF6gPn-9Hqb8cGhHvpJzOZOQrUoNJJjJJJJJJJJJJJJJ=w240-h480-rw 400
 ⨯ upstream image response failed for https://play-lh.googleusercontent.com/VRMWkE5p3CkWhJs6nv-9ZsLAs1QOg5ob1_3qg-rckwYW7yp1fIGj_pjNqEQ6Sn2AfvU=w240-h480-rw 400
 ⨯ upstream image response failed for https://play-lh.googleusercontent.com/BKKLaJj7vs6NNYQeOF_-v_KmF6gPn-9Hqb8cGhHvpJzOZOQrUoNJJjJJJJJJJJJJJJJ=w240-h480-rw 400
 ⨯ upstream image response failed for https://play-lh.googleusercontent.com/VRMWkE5p3CkWhJs6nv-9ZsLAs1QOg5ob1_3qg-rckwYW7yp1fIGj_pjNqEQ6Sn2AfvU=w240-h480-rw 400
 ⨯ upstream image response failed for https://play-lh.googleusercontent.com/BKKLaJj7vs6NNYQeOF_-v_KmF6gPn-9Hqb8cGhHvpJzOZOQrUoNJJjJJJJJJJJJJJJJ=w240-h480-rw 400
 ⨯ upstream image response failed for https://play-lh.googleusercontent.com/VRMWkE5p3CkWhJs6nv-9ZsLAs1QOg5ob1_3qg-rckwYW7yp1fIGj_pjNqEQ6Sn2AfvU=w240-h480-rw 400
 ⨯ upstream image response failed for https://play-lh.googleusercontent.com/BKKLaJj7vs6NNYQeOF_-v_KmF6gPn-9Hqb8cGhHvpJzOZOQrUoNJJjJJJJJJJJJJJJJ=w240-h480-rw 400
 ⨯ upstream image response failed for https://play-lh.googleusercontent.com/VRMWkE5p3CkWhJs6nv-9ZsLAs1QOg5ob1_3qg-rckwYW7yp1fIGj_pjNqEQ6Sn2AfvU=w240-h480-rw 400
 ⨯ upstream image response failed for https://play-lh.googleusercontent.com/BKKLaJj7vs6NNYQeOF_-v_KmF6gPn-9Hqb8cGhHvpJzOZOQrUoNJJjJJJJJJJJJJJJJ=w240-h480-rw 400
 ⨯ upstream image response failed for https://play-lh.googleusercontent.com/VRMWkE5p3CkWhJs6nv-9ZsLAs1QOg5ob1_3qg-rckwYW7yp1fIGj_pjNqEQ6Sn2AfvU=w240-h480-rw 400
 ⨯ upstream image response failed for https://play-lh.googleusercontent.com/BKKLaJj7vs6NNYQeOF_-v_KmF6gPn-9Hqb8cGhHvpJzOZOQrUoNJJjJJJJJJJJJJJJJ=w240-h480-rw 400
 ⨯ upstream image response failed for https://play-lh.googleusercontent.com/VRMWkE5p3CkWhJs6nv-9ZsLAs1QOg5ob1_3qg-rckwYW7yp1fIGj_pjNqEQ6Sn2AfvU=w240-h480-rw 400
 ⨯ upstream image response failed for https://play-lh.googleusercontent.com/BKKLaJj7vs6NNYQeOF_-v_KmF6gPn-9Hqb8cGhHvpJzOZOQrUoNJJjJJJJJJJJJJJJJ=w240-h480-rw 400
 ⨯ upstream image response failed for https://play-lh.googleusercontent.com/VRMWkE5p3CkWhJs6nv-9ZsLAs1QOg5ob1_3qg-rckwYW7yp1fIGj_pjNqEQ6Sn2AfvU=w240-h480-rw 400
 ⨯ upstream image response failed for https://play-lh.googleusercontent.com/BKKLaJj7vs6NNYQeOF_-v_KmF6gPn-9Hqb8cGhHvpJzOZOQrUoNJJjJJJJJJJJJJJJJ=w240-h480-rw 400
 ⨯ upstream image response failed for https://play-lh.googleusercontent.com/VRMWkE5p3CkWhJs6nv-9ZsLAs1QOg5ob1_3qg-rckwYW7yp1fIGj_pjNqEQ6Sn2AfvU=w240-h480-rw 400
 ⨯ upstream image response failed for https://play-lh.googleusercontent.com/BKKLaJj7vs6NNYQeOF_-v_KmF6gPn-9Hqb8cGhHvpJzOZOQrUoNJJjJJJJJJJJJJJJJ=w240-h480-rw 400
 ⨯ upstream image response failed for https://play-lh.googleusercontent.com/VRMWkE5p3CkWhJs6nv-9ZsLAs1QOg5ob1_3qg-rckwYW7yp1fIGj_pjNqEQ6Sn2AfvU=w240-h480-rw 400
 ⨯ upstream image response failed for https://play-lh.googleusercontent.com/BKKLaJj7vs6NNYQeOF_-v_KmF6gPn-9Hqb8cGhHvpJzOZOQrUoNJJjJJJJJJJJJJJJJ=w240-h480-rw 400
 ⨯ upstream image response failed for https://play-lh.googleusercontent.com/VRMWkE5p3CkWhJs6nv-9ZsLAs1QOg5ob1_3qg-rckwYW7yp1fIGj_pjNqEQ6Sn2AfvU=w240-h480-rw 400
 ⨯ upstream image response failed for https://play-lh.googleusercontent.com/BKKLaJj7vs6NNYQeOF_-v_KmF6gPn-9Hqb8cGhHvpJzOZOQrUoNJJjJJJJJJJJJJJJJ=w240-h480-rw 400
 ⨯ upstream image response failed for https://play-lh.googleusercontent.com/VRMWkE5p3CkWhJs6nv-9ZsLAs1QOg5ob1_3qg-rckwYW7yp1fIGj_pjNqEQ6Sn2AfvU=w240-h480-rw 400
 ⨯ upstream image response failed for https://play-lh.googleusercontent.com/BKKLaJj7vs6NNYQeOF_-v_KmF6gPn-9Hqb8cGhHvpJzOZOQrUoNJJjJJJJJJJJJJJJJ=w240-h480-rw 400
 ⨯ upstream image response failed for https://play-lh.googleusercontent.com/VRMWkE5p3CkWhJs6nv-9ZsLAs1QOg5ob1_3qg-rckwYW7yp1fIGj_pjNqEQ6Sn2AfvU=w240-h480-rw 400
 ⨯ upstream image response failed for https://play-lh.googleusercontent.com/BKKLaJj7vs6NNYQeOF_-v_KmF6gPn-9Hqb8cGhHvpJzOZOQrUoNJJjJJJJJJJJJJJJJ=w240-h480-rw 400
 ⨯ upstream image response failed for https://play-lh.googleusercontent.com/VRMWkE5p3CkWhJs6nv-9ZsLAs1QOg5ob1_3qg-rckwYW7yp1fIGj_pjNqEQ6Sn2AfvU=w240-h480-rw 400
 ⨯ upstream image response failed for https://play-lh.googleusercontent.com/BKKLaJj7vs6NNYQeOF_-v_KmF6gPn-9Hqb8cGhHvpJzOZOQrUoNJJjJJJJJJJJJJJJJ=w240-h480-rw 400
 ⨯ upstream image response failed for https://play-lh.googleusercontent.com/VRMWkE5p3CkWhJs6nv-9ZsLAs1QOg5ob1_3qg-rckwYW7yp1fIGj_pjNqEQ6Sn2AfvU=w240-h480-rw 400
 ⨯ upstream image response failed for https://play-lh.googleusercontent.com/BKKLaJj7vs6NNYQeOF_-v_KmF6gPn-9Hqb8cGhHvpJzOZOQrUoNJJjJJJJJJJJJJJJJ=w240-h480-rw 400
 ⨯ upstream image response failed for https://play-lh.googleusercontent.com/VRMWkE5p3CkWhJs6nv-9ZsLAs1QOg5ob1_3qg-rckwYW7yp1fIGj_pjNqEQ6Sn2AfvU=w240-h480-rw 400
 ⨯ upstream image response failed for https://play-lh.googleusercontent.com/VRMWkE5p3CkWhJs6nv-9ZsLAs1QOg5ob1_3qg-rckwYW7yp1fIGj_pjNqEQ6Sn2AfvU=w240-h480-rw 400
 ⨯ upstream image response failed for https://play-lh.googleusercontent.com/BKKLaJj7vs6NNYQeOF_-v_KmF6gPn-9Hqb8cGhHvpJzOZOQrUoNJJjJJJJJJJJJJJJJ=w240-h480-rw 400
 ⨯ upstream image response failed for https://play-lh.googleusercontent.com/VRMWkE5p3CkWhJs6nv-9ZsLAs1QOg5ob1_3qg-rckwYW7yp1fIGj_pjNqEQ6Sn2AfvU=w240-h480-rw 400
 ⨯ upstream image response failed for https://play-lh.googleusercontent.com/BKKLaJj7vs6NNYQeOF_-v_KmF6gPn-9Hqb8cGhHvpJzOZOQrUoNJJjJJJJJJJJJJJJJ=w240-h480-rw 400
 ⨯ upstream image response failed for https://play-lh.googleusercontent.com/VRMWkE5p3CkWhJs6nv-9ZsLAs1QOg5ob1_3qg-rckwYW7yp1fIGj_pjNqEQ6Sn2AfvU=w240-h480-rw 400
 ⨯ upstream image response failed for https://play-lh.googleusercontent.com/BKKLaJj7vs6NNYQeOF_-v_KmF6gPn-9Hqb8cGhHvpJzOZOQrUoNJJjJJJJJJJJJJJJJ=w240-h480-rw 400
 ⨯ upstream image response failed for https://play-lh.googleusercontent.com/VRMWkE5p3CkWhJs6nv-9ZsLAs1QOg5ob1_3qg-rckwYW7yp1fIGj_pjNqEQ6Sn2AfvU=w240-h480-rw 400
 ⨯ upstream image response failed for https://play-lh.googleusercontent.com/BKKLaJj7vs6NNYQeOF_-v_KmF6gPn-9Hqb8cGhHvpJzOZOQrUoNJJjJJJJJJJJJJJJJ=w240-h480-rw 400
 ⨯ upstream image response failed for https://play-lh.googleusercontent.com/VRMWkE5p3CkWhJs6nv-9ZsLAs1QOg5ob1_3qg-rckwYW7yp1fIGj_pjNqEQ6Sn2AfvU=w240-h480-rw 400
 ⨯ upstream image response failed for https://play-lh.googleusercontent.com/BKKLaJj7vs6NNYQeOF_-v_KmF6gPn-9Hqb8cGhHvpJzOZOQrUoNJJjJJJJJJJJJJJJJ=w240-h480-rw 400
 ⨯ upstream image response failed for https://play-lh.googleusercontent.com/VRMWkE5p3CkWhJs6nv-9ZsLAs1QOg5ob1_3qg-rckwYW7yp1fIGj_pjNqEQ6Sn2AfvU=w240-h480-rw 400
 ⨯ upstream image response failed for https://play-lh.googleusercontent.com/BKKLaJj7vs6NNYQeOF_-v_KmF6gPn-9Hqb8cGhHvpJzOZOQrUoNJJjJJJJJJJJJJJJJ=w240-h480-rw 400
 ⨯ upstream image response failed for https://play-lh.googleusercontent.com/VRMWkE5p3CkWhJs6nv-9ZsLAs1QOg5ob1_3qg-rckwYW7yp1fIGj_pjNqEQ6Sn2AfvU=w240-h480-rw 400
 ⨯ upstream image response failed for https://play-lh.googleusercontent.com/BKKLaJj7vs6NNYQeOF_-v_KmF6gPn-9Hqb8cGhHvpJzOZOQrUoNJJjJJJJJJJJJJJJJ=w240-h480-rw 400
 ⨯ upstream image response failed for https://play-lh.googleusercontent.com/VRMWkE5p3CkWhJs6nv-9ZsLAs1QOg5ob1_3qg-rckwYW7yp1fIGj_pjNqEQ6Sn2AfvU=w240-h480-rw 400
 ⨯ upstream image response failed for https://play-lh.googleusercontent.com/BKKLaJj7vs6NNYQeOF_-v_KmF6gPn-9Hqb8cGhHvpJzOZOQrUoNJJjJJJJJJJJJJJJJ=w240-h480-rw 400
 ⨯ upstream image response failed for https://play-lh.googleusercontent.com/VRMWkE5p3CkWhJs6nv-9ZsLAs1QOg5ob1_3qg-rckwYW7yp1fIGj_pjNqEQ6Sn2AfvU=w240-h480-rw 400
 ⨯ upstream image response failed for https://play-lh.googleusercontent.com/BKKLaJj7vs6NNYQeOF_-v_KmF6gPn-9Hqb8cGhHvpJzOZOQrUoNJJjJJJJJJJJJJJJJ=w240-h480-rw 400
 ⨯ upstream image response failed for https://play-lh.googleusercontent.com/VRMWkE5p3CkWhJs6nv-9ZsLAs1QOg5ob1_3qg-rckwYW7yp1fIGj_pjNqEQ6Sn2AfvU=w240-h480-rw 400
 ⨯ upstream image response failed for https://play-lh.googleusercontent.com/BKKLaJj7vs6NNYQeOF_-v_KmF6gPn-9Hqb8cGhHvpJzOZOQrUoNJJjJJJJJJJJJJJJJ=w240-h480-rw 400
 ⨯ upstream image response failed for https://play-lh.googleusercontent.com/VRMWkE5p3CkWhJs6nv-9ZsLAs1QOg5ob1_3qg-rckwYW7yp1fIGj_pjNqEQ6Sn2AfvU=w240-h480-rw 400
 ⨯ upstream image response failed for https://play-lh.googleusercontent.com/BKKLaJj7vs6NNYQeOF_-v_KmF6gPn-9Hqb8cGhHvpJzOZOQrUoNJJjJJJJJJJJJJJJJ=w240-h480-rw 400
 ⨯ upstream image response failed for https://play-lh.googleusercontent.com/VRMWkE5p3CkWhJs6nv-9ZsLAs1QOg5ob1_3qg-rckwYW7yp1fIGj_pjNqEQ6Sn2AfvU=w240-h480-rw 400
 ⨯ upstream image response failed for https://play-lh.googleusercontent.com/BKKLaJj7vs6NNYQeOF_-v_KmF6gPn-9Hqb8cGhHvpJzOZOQrUoNJJjJJJJJJJJJJJJJ=w240-h480-rw 400
 ⨯ upstream image response failed for https://play-lh.googleusercontent.com/VRMWkE5p3CkWhJs6nv-9ZsLAs1QOg5ob1_3qg-rckwYW7yp1fIGj_pjNqEQ6Sn2AfvU=w240-h480-rw 400
 ⨯ upstream image response failed for https://play-lh.googleusercontent.com/BKKLaJj7vs6NNYQeOF_-v_KmF6gPn-9Hqb8cGhHvpJzOZOQrUoNJJjJJJJJJJJJJJJJ=w240-h480-rw 400
 ⨯ upstream image response failed for https://play-lh.googleusercontent.com/VRMWkE5p3CkWhJs6nv-9ZsLAs1QOg5ob1_3qg-rckwYW7yp1fIGj_pjNqEQ6Sn2AfvU=w240-h480-rw 400
 ⨯ upstream image response failed for https://play-lh.googleusercontent.com/BKKLaJj7vs6NNYQeOF_-v_KmF6gPn-9Hqb8cGhHvpJzOZOQrUoNJJjJJJJJJJJJJJJJ=w240-h480-rw 400
 ⨯ upstream image response failed for https://play-lh.googleusercontent.com/VRMWkE5p3CkWhJs6nv-9ZsLAs1QOg5ob1_3qg-rckwYW7yp1fIGj_pjNqEQ6Sn2AfvU=w240-h480-rw 400
 ⨯ upstream image response failed for https://play-lh.googleusercontent.com/BKKLaJj7vs6NNYQeOF_-v_KmF6gPn-9Hqb8cGhHvpJzOZOQrUoNJJjJJJJJJJJJJJJJ=w240-h480-rw 400
 ⨯ upstream image response failed for https://play-lh.googleusercontent.com/VRMWkE5p3CkWhJs6nv-9ZsLAs1QOg5ob1_3qg-rckwYW7yp1fIGj_pjNqEQ6Sn2AfvU=w240-h480-rw 400
 ⨯ upstream image response failed for https://play-lh.googleusercontent.com/BKKLaJj7vs6NNYQeOF_-v_KmF6gPn-9Hqb8cGhHvpJzOZOQrUoNJJjJJJJJJJJJJJJJ=w240-h480-rw 400
 ⨯ upstream image response failed for https://play-lh.googleusercontent.com/VRMWkE5p3CkWhJs6nv-9ZsLAs1QOg5ob1_3qg-rckwYW7yp1fIGj_pjNqEQ6Sn2AfvU=w240-h480-rw 400
 ⨯ upstream image response failed for https://play-lh.googleusercontent.com/BKKLaJj7vs6NNYQeOF_-v_KmF6gPn-9Hqb8cGhHvpJzOZOQrUoNJJjJJJJJJJJJJJJJ=w240-h480-rw 400
 ⨯ upstream image response failed for https://play-lh.googleusercontent.com/VRMWkE5p3CkWhJs6nv-9ZsLAs1QOg5ob1_3qg-rckwYW7yp1fIGj_pjNqEQ6Sn2AfvU=w240-h480-rw 400
 ⨯ upstream image response failed for https://play-lh.googleusercontent.com/BKKLaJj7vs6NNYQeOF_-v_KmF6gPn-9Hqb8cGhHvpJzOZOQrUoNJJjJJJJJJJJJJJJJ=w240-h480-rw 400
 ⨯ upstream image response failed for https://play-lh.googleusercontent.com/VRMWkE5p3CkWhJs6nv-9ZsLAs1QOg5ob1_3qg-rckwYW7yp1fIGj_pjNqEQ6Sn2AfvU=w240-h480-rw 400
 ⨯ upstream image response failed for https://play-lh.googleusercontent.com/BKKLaJj7vs6NNYQeOF_-v_KmF6gPn-9Hqb8cGhHvpJzOZOQrUoNJJjJJJJJJJJJJJJJ=w240-h480-rw 400
 ⨯ upstream image response failed for https://play-lh.googleusercontent.com/VRMWkE5p3CkWhJs6nv-9ZsLAs1QOg5ob1_3qg-rckwYW7yp1fIGj_pjNqEQ6Sn2AfvU=w240-h480-rw 400
 ⨯ upstream image response failed for https://play-lh.googleusercontent.com/BKKLaJj7vs6NNYQeOF_-v_KmF6gPn-9Hqb8cGhHvpJzOZOQrUoNJJjJJJJJJJJJJJJJ=w240-h480-rw 400
 ⨯ upstream image response failed for https://play-lh.googleusercontent.com/VRMWkE5p3CkWhJs6nv-9ZsLAs1QOg5ob1_3qg-rckwYW7yp1fIGj_pjNqEQ6Sn2AfvU=w240-h480-rw 400
 ⨯ upstream image response failed for https://play-lh.googleusercontent.com/BKKLaJj7vs6NNYQeOF_-v_KmF6gPn-9Hqb8cGhHvpJzOZOQrUoNJJjJJJJJJJJJJJJJ=w240-h480-rw 400
 ⨯ upstream image response failed for https://play-lh.googleusercontent.com/VRMWkE5p3CkWhJs6nv-9ZsLAs1QOg5ob1_3qg-rckwYW7yp1fIGj_pjNqEQ6Sn2AfvU=w240-h480-rw 400
 ⨯ upstream image response failed for https://play-lh.googleusercontent.com/BKKLaJj7vs6NNYQeOF_-v_KmF6gPn-9Hqb8cGhHvpJzOZOQrUoNJJjJJJJJJJJJJJJJ=w240-h480-rw 400
 ⨯ upstream image response failed for https://play-lh.googleusercontent.com/VRMWkE5p3CkWhJs6nv-9ZsLAs1QOg5ob1_3qg-rckwYW7yp1fIGj_pjNqEQ6Sn2AfvU=w240-h480-rw 400
 ⨯ upstream image response failed for https://play-lh.googleusercontent.com/BKKLaJj7vs6NNYQeOF_-v_KmF6gPn-9Hqb8cGhHvpJzOZOQrUoNJJjJJJJJJJJJJJJJ=w240-h480-rw 400
 ⨯ upstream image response failed for https://play-lh.googleusercontent.com/VRMWkE5p3CkWhJs6nv-9ZsLAs1QOg5ob1_3qg-rckwYW7yp1fIGj_pjNqEQ6Sn2AfvU=w240-h480-rw 400
 ⨯ upstream image response failed for https://play-lh.googleusercontent.com/BKKLaJj7vs6NNYQeOF_-v_KmF6gPn-9Hqb8cGhHvpJzOZOQrUoNJJjJJJJJJJJJJJJJ=w240-h480-rw 400
 ⨯ upstream image response failed for https://play-lh.googleusercontent.com/VRMWkE5p3CkWhJs6nv-9ZsLAs1QOg5ob1_3qg-rckwYW7yp1fIGj_pjNqEQ6Sn2AfvU=w240-h480-rw 400
 ⨯ upstream image response failed for https://play-lh.googleusercontent.com/BKKLaJj7vs6NNYQeOF_-v_KmF6gPn-9Hqb8cGhHvpJzOZOQrUoNJJjJJJJJJJJJJJJJ=w240-h480-rw 400
 ⨯ upstream image response failed for https://play-lh.googleusercontent.com/VRMWkE5p3CkWhJs6nv-9ZsLAs1QOg5ob1_3qg-rckwYW7yp1fIGj_pjNqEQ6Sn2AfvU=w240-h480-rw 400
 ⨯ upstream image response failed for https://play-lh.googleusercontent.com/BKKLaJj7vs6NNYQeOF_-v_KmF6gPn-9Hqb8cGhHvpJzOZOQrUoNJJjJJJJJJJJJJJJJ=w240-h480-rw 400
 ⨯ upstream image response failed for https://play-lh.googleusercontent.com/VRMWkE5p3CkWhJs6nv-9ZsLAs1QOg5ob1_3qg-rckwYW7yp1fIGj_pjNqEQ6Sn2AfvU=w240-h480-rw 400
 ⨯ upstream image response failed for https://play-lh.googleusercontent.com/BKKLaJj7vs6NNYQeOF_-v_KmF6gPn-9Hqb8cGhHvpJzOZOQrUoNJJjJJJJJJJJJJJJJ=w240-h480-rw 400
 ⨯ upstream image response failed for https://play-lh.googleusercontent.com/VRMWkE5p3CkWhJs6nv-9ZsLAs1QOg5ob1_3qg-rckwYW7yp1fIGj_pjNqEQ6Sn2AfvU=w240-h480-rw 400
 ⨯ upstream image response failed for https://play-lh.googleusercontent.com/BKKLaJj7vs6NNYQeOF_-v_KmF6gPn-9Hqb8cGhHvpJzOZOQrUoNJJjJJJJJJJJJJJJJ=w240-h480-rw 400
 ⨯ upstream image response failed for https://play-lh.googleusercontent.com/VRMWkE5p3CkWhJs6nv-9ZsLAs1QOg5ob1_3qg-rckwYW7yp1fIGj_pjNqEQ6Sn2AfvU=w240-h480-rw 400
 ⨯ upstream image response failed for https://play-lh.googleusercontent.com/BKKLaJj7vs6NNYQeOF_-v_KmF6gPn-9Hqb8cGhHvpJzOZOQrUoNJJjJJJJJJJJJJJJJ=w240-h480-rw 400
 ⨯ upstream image response failed for https://play-lh.googleusercontent.com/VRMWkE5p3CkWhJs6nv-9ZsLAs1QOg5ob1_3qg-rckwYW7yp1fIGj_pjNqEQ6Sn2AfvU=w240-h480-rw 400
 ⨯ upstream image response failed for https://play-lh.googleusercontent.com/BKKLaJj7vs6NNYQeOF_-v_KmF6gPn-9Hqb8cGhHvpJzOZOQrUoNJJjJJJJJJJJJJJJJ=w240-h480-rw 400
 ⨯ upstream image response failed for https://play-lh.googleusercontent.com/VRMWkE5p3CkWhJs6nv-9ZsLAs1QOg5ob1_3qg-rckwYW7yp1fIGj_pjNqEQ6Sn2AfvU=w240-h480-rw 400
 ⨯ upstream image response failed for https://play-lh.googleusercontent.com/BKKLaJj7vs6NNYQeOF_-v_KmF6gPn-9Hqb8cGhHvpJzOZOQrUoNJJjJJJJJJJJJJJJJ=w240-h480-rw 400
 ⨯ upstream image response failed for https://play-lh.googleusercontent.com/VRMWkE5p3CkWhJs6nv-9ZsLAs1QOg5ob1_3qg-rckwYW7yp1fIGj_pjNqEQ6Sn2AfvU=w240-h480-rw 400
 ⨯ upstream image response failed for https://play-lh.googleusercontent.com/BKKLaJj7vs6NNYQeOF_-v_KmF6gPn-9Hqb8cGhHvpJzOZOQrUoNJJjJJJJJJJJJJJJJ=w240-h480-rw 400
 ⨯ upstream image response failed for https://play-lh.googleusercontent.com/VRMWkE5p3CkWhJs6nv-9ZsLAs1QOg5ob1_3qg-rckwYW7yp1fIGj_pjNqEQ6Sn2AfvU=w240-h480-rw 400
 ⨯ upstream image response failed for https://play-lh.googleusercontent.com/BKKLaJj7vs6NNYQeOF_-v_KmF6gPn-9Hqb8cGhHvpJzOZOQrUoNJJjJJJJJJJJJJJJJ=w240-h480-rw 400
 ⨯ upstream image response failed for https://play-lh.googleusercontent.com/VRMWkE5p3CkWhJs6nv-9ZsLAs1QOg5ob1_3qg-rckwYW7yp1fIGj_pjNqEQ6Sn2AfvU=w240-h480-rw 400
 ⨯ upstream image response failed for https://play-lh.googleusercontent.com/BKKLaJj7vs6NNYQeOF_-v_KmF6gPn-9Hqb8cGhHvpJzOZOQrUoNJJjJJJJJJJJJJJJJ=w240-h480-rw 400
 ⨯ upstream image response failed for https://play-lh.googleusercontent.com/VRMWkE5p3CkWhJs6nv-9ZsLAs1QOg5ob1_3qg-rckwYW7yp1fIGj_pjNqEQ6Sn2AfvU=w240-h480-rw 400
 ⨯ upstream image response failed for https://play-lh.googleusercontent.com/BKKLaJj7vs6NNYQeOF_-v_KmF6gPn-9Hqb8cGhHvpJzOZOQrUoNJJjJJJJJJJJJJJJJ=w240-h480-rw 400
 ⨯ upstream image response failed for https://play-lh.googleusercontent.com/VRMWkE5p3CkWhJs6nv-9ZsLAs1QOg5ob1_3qg-rckwYW7yp1fIGj_pjNqEQ6Sn2AfvU=w240-h480-rw 400
 ⨯ upstream image response failed for https://play-lh.googleusercontent.com/BKKLaJj7vs6NNYQeOF_-v_KmF6gPn-9Hqb8cGhHvpJzOZOQrUoNJJjJJJJJJJJJJJJJ=w240-h480-rw 400
 ⨯ upstream image response failed for https://play-lh.googleusercontent.com/VRMWkE5p3CkWhJs6nv-9ZsLAs1QOg5ob1_3qg-rckwYW7yp1fIGj_pjNqEQ6Sn2AfvU=w240-h480-rw 400
 ⨯ upstream image response failed for https://play-lh.googleusercontent.com/BKKLaJj7vs6NNYQeOF_-v_KmF6gPn-9Hqb8cGhHvpJzOZOQrUoNJJjJJJJJJJJJJJJJ=w240-h480-rw 400
 ⨯ upstream image response failed for https://play-lh.googleusercontent.com/VRMWkE5p3CkWhJs6nv-9ZsLAs1QOg5ob1_3qg-rckwYW7yp1fIGj_pjNqEQ6Sn2AfvU=w240-h480-rw 400
 ⨯ upstream image response failed for https://play-lh.googleusercontent.com/BKKLaJj7vs6NNYQeOF_-v_KmF6gPn-9Hqb8cGhHvpJzOZOQrUoNJJjJJJJJJJJJJJJJ=w240-h480-rw 400
 ⨯ upstream image response failed for https://play-lh.googleusercontent.com/VRMWkE5p3CkWhJs6nv-9ZsLAs1QOg5ob1_3qg-rckwYW7yp1fIGj_pjNqEQ6Sn2AfvU=w240-h480-rw 400
 ⨯ upstream image response failed for https://play-lh.googleusercontent.com/BKKLaJj7vs6NNYQeOF_-v_KmF6gPn-9Hqb8cGhHvpJzOZOQrUoNJJjJJJJJJJJJJJJJ=w240-h480-rw 400
 ⨯ upstream image response failed for https://play-lh.googleusercontent.com/VRMWkE5p3CkWhJs6nv-9ZsLAs1QOg5ob1_3qg-rckwYW7yp1fIGj_pjNqEQ6Sn2AfvU=w240-h480-rw 400
 ⨯ upstream image response failed for https://play-lh.googleusercontent.com/BKKLaJj7vs6NNYQeOF_-v_KmF6gPn-9Hqb8cGhHvpJzOZOQrUoNJJjJJJJJJJJJJJJJ=w240-h480-rw 400
 ⨯ upstream image response failed for https://play-lh.googleusercontent.com/VRMWkE5p3CkWhJs6nv-9ZsLAs1QOg5ob1_3qg-rckwYW7yp1fIGj_pjNqEQ6Sn2AfvU=w240-h480-rw 400
 ⨯ upstream image response failed for https://play-lh.googleusercontent.com/BKKLaJj7vs6NNYQeOF_-v_KmF6gPn-9Hqb8cGhHvpJzOZOQrUoNJJjJJJJJJJJJJJJJ=w240-h480-rw 400
 ⨯ upstream image response failed for https://play-lh.googleusercontent.com/VRMWkE5p3CkWhJs6nv-9ZsLAs1QOg5ob1_3qg-rckwYW7yp1fIGj_pjNqEQ6Sn2AfvU=w240-h480-rw 400
 ⨯ upstream image response failed for https://play-lh.googleusercontent.com/BKKLaJj7vs6NNYQeOF_-v_KmF6gPn-9Hqb8cGhHvpJzOZOQrUoNJJjJJJJJJJJJJJJJ=w240-h480-rw 400
 ⨯ upstream image response failed for https://play-lh.googleusercontent.com/VRMWkE5p3CkWhJs6nv-9ZsLAs1QOg5ob1_3qg-rckwYW7yp1fIGj_pjNqEQ6Sn2AfvU=w240-h480-rw 400
 ⨯ upstream image response failed for https://play-lh.googleusercontent.com/BKKLaJj7vs6NNYQeOF_-v_KmF6gPn-9Hqb8cGhHvpJzOZOQrUoNJJjJJJJJJJJJJJJJ=w240-h480-rw 400
 ⨯ upstream image response failed for https://play-lh.googleusercontent.com/BKKLaJj7vs6NNYQeOF_-v_KmF6gPn-9Hqb8cGhHvpJzOZOQrUoNJJjJJJJJJJJJJJJJ=w240-h480-rw 400
 ⨯ upstream image response failed for https://play-lh.googleusercontent.com/VRMWkE5p3CkWhJs6nv-9ZsLAs1QOg5ob1_3qg-rckwYW7yp1fIGj_pjNqEQ6Sn2AfvU=w240-h480-rw 400
 ⨯ upstream image response failed for https://play-lh.googleusercontent.com/BKKLaJj7vs6NNYQeOF_-v_KmF6gPn-9Hqb8cGhHvpJzOZOQrUoNJJjJJJJJJJJJJJJJ=w240-h480-rw 400
 ⨯ upstream image response failed for https://play-lh.googleusercontent.com/VRMWkE5p3CkWhJs6nv-9ZsLAs1QOg5ob1_3qg-rckwYW7yp1fIGj_pjNqEQ6Sn2AfvU=w240-h480-rw 400
 ⨯ upstream image response failed for https://play-lh.googleusercontent.com/BKKLaJj7vs6NNYQeOF_-v_KmF6gPn-9Hqb8cGhHvpJzOZOQrUoNJJjJJJJJJJJJJJJJ=w240-h480-rw 400
 ⨯ upstream image response failed for https://play-lh.googleusercontent.com/VRMWkE5p3CkWhJs6nv-9ZsLAs1QOg5ob1_3qg-rckwYW7yp1fIGj_pjNqEQ6Sn2AfvU=w240-h480-rw 400
 ⨯ upstream image response failed for https://play-lh.googleusercontent.com/BKKLaJj7vs6NNYQeOF_-v_KmF6gPn-9Hqb8cGhHvpJzOZOQrUoNJJjJJJJJJJJJJJJJ=w240-h480-rw 400
 ⨯ upstream image response failed for https://play-lh.googleusercontent.com/VRMWkE5p3CkWhJs6nv-9ZsLAs1QOg5ob1_3qg-rckwYW7yp1fIGj_pjNqEQ6Sn2AfvU=w240-h480-rw 400
 ⨯ upstream image response failed for https://play-lh.googleusercontent.com/BKKLaJj7vs6NNYQeOF_-v_KmF6gPn-9Hqb8cGhHvpJzOZOQrUoNJJjJJJJJJJJJJJJJ=w240-h480-rw 400
 ⨯ upstream image response failed for https://play-lh.googleusercontent.com/VRMWkE5p3CkWhJs6nv-9ZsLAs1QOg5ob1_3qg-rckwYW7yp1fIGj_pjNqEQ6Sn2AfvU=w240-h480-rw 400
 ⨯ upstream image response failed for https://play-lh.googleusercontent.com/BKKLaJj7vs6NNYQeOF_-v_KmF6gPn-9Hqb8cGhHvpJzOZOQrUoNJJjJJJJJJJJJJJJJ=w240-h480-rw 400
 ⨯ upstream image response failed for https://play-lh.googleusercontent.com/VRMWkE5p3CkWhJs6nv-9ZsLAs1QOg5ob1_3qg-rckwYW7yp1fIGj_pjNqEQ6Sn2AfvU=w240-h480-rw 400
 ⨯ upstream image response failed for https://play-lh.googleusercontent.com/BKKLaJj7vs6NNYQeOF_-v_KmF6gPn-9Hqb8cGhHvpJzOZOQrUoNJJjJJJJJJJJJJJJJ=w240-h480-rw 400
 ⨯ upstream image response failed for https://play-lh.googleusercontent.com/VRMWkE5p3CkWhJs6nv-9ZsLAs1QOg5ob1_3qg-rckwYW7yp1fIGj_pjNqEQ6Sn2AfvU=w240-h480-rw 400
 ⨯ upstream image response failed for https://play-lh.googleusercontent.com/BKKLaJj7vs6NNYQeOF_-v_KmF6gPn-9Hqb8cGhHvpJzOZOQrUoNJJjJJJJJJJJJJJJJ=w240-h480-rw 400
 ⨯ upstream image response failed for https://play-lh.googleusercontent.com/VRMWkE5p3CkWhJs6nv-9ZsLAs1QOg5ob1_3qg-rckwYW7yp1fIGj_pjNqEQ6Sn2AfvU=w240-h480-rw 400
 ⨯ upstream image response failed for https://play-lh.googleusercontent.com/BKKLaJj7vs6NNYQeOF_-v_KmF6gPn-9Hqb8cGhHvpJzOZOQrUoNJJjJJJJJJJJJJJJJ=w240-h480-rw 400
 ⨯ upstream image response failed for https://play-lh.googleusercontent.com/VRMWkE5p3CkWhJs6nv-9ZsLAs1QOg5ob1_3qg-rckwYW7yp1fIGj_pjNqEQ6Sn2AfvU=w240-h480-rw 400
 ⨯ upstream image response failed for https://play-lh.googleusercontent.com/BKKLaJj7vs6NNYQeOF_-v_KmF6gPn-9Hqb8cGhHvpJzOZOQrUoNJJjJJJJJJJJJJJJJ=w240-h480-rw 400
 ⨯ upstream image response failed for https://play-lh.googleusercontent.com/VRMWkE5p3CkWhJs6nv-9ZsLAs1QOg5ob1_3qg-rckwYW7yp1fIGj_pjNqEQ6Sn2AfvU=w240-h480-rw 400
 ⨯ upstream image response failed for https://play-lh.googleusercontent.com/BKKLaJj7vs6NNYQeOF_-v_KmF6gPn-9Hqb8cGhHvpJzOZOQrUoNJJjJJJJJJJJJJJJJ=w240-h480-rw 400
 ⨯ upstream image response failed for https://play-lh.googleusercontent.com/VRMWkE5p3CkWhJs6nv-9ZsLAs1QOg5ob1_3qg-rckwYW7yp1fIGj_pjNqEQ6Sn2AfvU=w240-h480-rw 400
 ⨯ upstream image response failed for https://play-lh.googleusercontent.com/BKKLaJj7vs6NNYQeOF_-v_KmF6gPn-9Hqb8cGhHvpJzOZOQrUoNJJjJJJJJJJJJJJJJ=w240-h480-rw 400
 ⨯ upstream image response failed for https://play-lh.googleusercontent.com/VRMWkE5p3CkWhJs6nv-9ZsLAs1QOg5ob1_3qg-rckwYW7yp1fIGj_pjNqEQ6Sn2AfvU=w240-h480-rw 400
 ⨯ upstream image response failed for https://play-lh.googleusercontent.com/BKKLaJj7vs6NNYQeOF_-v_KmF6gPn-9Hqb8cGhHvpJzOZOQrUoNJJjJJJJJJJJJJJJJ=w240-h480-rw 400
 ⨯ upstream image response failed for https://play-lh.googleusercontent.com/VRMWkE5p3CkWhJs6nv-9ZsLAs1QOg5ob1_3qg-rckwYW7yp1fIGj_pjNqEQ6Sn2AfvU=w240-h480-rw 400
 ⨯ upstream image response failed for https://play-lh.googleusercontent.com/BKKLaJj7vs6NNYQeOF_-v_KmF6gPn-9Hqb8cGhHvpJzOZOQrUoNJJjJJJJJJJJJJJJJ=w240-h480-rw 400
 ⨯ upstream image response failed for https://play-lh.googleusercontent.com/VRMWkE5p3CkWhJs6nv-9ZsLAs1QOg5ob1_3qg-rckwYW7yp1fIGj_pjNqEQ6Sn2AfvU=w240-h480-rw 400
 ⨯ upstream image response failed for https://play-lh.googleusercontent.com/VRMWkE5p3CkWhJs6nv-9ZsLAs1QOg5ob1_3qg-rckwYW7yp1fIGj_pjNqEQ6Sn2AfvU=w240-h480-rw 400
 ⨯ upstream image response failed for https://play-lh.googleusercontent.com/BKKLaJj7vs6NNYQeOF_-v_KmF6gPn-9Hqb8cGhHvpJzOZOQrUoNJJjJJJJJJJJJJJJJ=w240-h480-rw 400
 ⨯ upstream image response failed for https://play-lh.googleusercontent.com/VRMWkE5p3CkWhJs6nv-9ZsLAs1QOg5ob1_3qg-rckwYW7yp1fIGj_pjNqEQ6Sn2AfvU=w240-h480-rw 400
 ⨯ upstream image response failed for https://play-lh.googleusercontent.com/BKKLaJj7vs6NNYQeOF_-v_KmF6gPn-9Hqb8cGhHvpJzOZOQrUoNJJjJJJJJJJJJJJJJ=w240-h480-rw 400
 ⨯ upstream image response failed for https://play-lh.googleusercontent.com/VRMWkE5p3CkWhJs6nv-9ZsLAs1QOg5ob1_3qg-rckwYW7yp1fIGj_pjNqEQ6Sn2AfvU=w240-h480-rw 400
 ⨯ upstream image response failed for https://play-lh.googleusercontent.com/BKKLaJj7vs6NNYQeOF_-v_KmF6gPn-9Hqb8cGhHvpJzOZOQrUoNJJjJJJJJJJJJJJJJ=w240-h480-rw 400
 ⨯ upstream image response failed for https://play-lh.googleusercontent.com/VRMWkE5p3CkWhJs6nv-9ZsLAs1QOg5ob1_3qg-rckwYW7yp1fIGj_pjNqEQ6Sn2AfvU=w240-h480-rw 400
 ⨯ upstream image response failed for https://play-lh.googleusercontent.com/BKKLaJj7vs6NNYQeOF_-v_KmF6gPn-9Hqb8cGhHvpJzOZOQrUoNJJjJJJJJJJJJJJJJ=w240-h480-rw 400
 ⨯ upstream image response failed for https://play-lh.googleusercontent.com/VRMWkE5p3CkWhJs6nv-9ZsLAs1QOg5ob1_3qg-rckwYW7yp1fIGj_pjNqEQ6Sn2AfvU=w240-h480-rw 400
 ⨯ upstream image response failed for https://play-lh.googleusercontent.com/BKKLaJj7vs6NNYQeOF_-v_KmF6gPn-9Hqb8cGhHvpJzOZOQrUoNJJjJJJJJJJJJJJJJ=w240-h480-rw 400
 ⨯ upstream image response failed for https://play-lh.googleusercontent.com/VRMWkE5p3CkWhJs6nv-9ZsLAs1QOg5ob1_3qg-rckwYW7yp1fIGj_pjNqEQ6Sn2AfvU=w240-h480-rw 400
 ⨯ upstream image response failed for https://play-lh.googleusercontent.com/BKKLaJj7vs6NNYQeOF_-v_KmF6gPn-9Hqb8cGhHvpJzOZOQrUoNJJjJJJJJJJJJJJJJ=w240-h480-rw 400
 ⨯ upstream image response failed for https://play-lh.googleusercontent.com/VRMWkE5p3CkWhJs6nv-9ZsLAs1QOg5ob1_3qg-rckwYW7yp1fIGj_pjNqEQ6Sn2AfvU=w240-h480-rw 400
 ⨯ upstream image response failed for https://play-lh.googleusercontent.com/BKKLaJj7vs6NNYQeOF_-v_KmF6gPn-9Hqb8cGhHvpJzOZOQrUoNJJjJJJJJJJJJJJJJ=w240-h480-rw 400
 ⨯ upstream image response failed for https://play-lh.googleusercontent.com/VRMWkE5p3CkWhJs6nv-9ZsLAs1QOg5ob1_3qg-rckwYW7yp1fIGj_pjNqEQ6Sn2AfvU=w240-h480-rw 400
 ⨯ upstream image response failed for https://play-lh.googleusercontent.com/BKKLaJj7vs6NNYQeOF_-v_KmF6gPn-9Hqb8cGhHvpJzOZOQrUoNJJjJJJJJJJJJJJJJ=w240-h480-rw 400
 ⨯ upstream image response failed for https://play-lh.googleusercontent.com/VRMWkE5p3CkWhJs6nv-9ZsLAs1QOg5ob1_3qg-rckwYW7yp1fIGj_pjNqEQ6Sn2AfvU=w240-h480-rw 400
 ⨯ upstream image response failed for https://play-lh.googleusercontent.com/BKKLaJj7vs6NNYQeOF_-v_KmF6gPn-9Hqb8cGhHvpJzOZOQrUoNJJjJJJJJJJJJJJJJ=w240-h480-rw 400
 ⨯ upstream image response failed for https://play-lh.googleusercontent.com/VRMWkE5p3CkWhJs6nv-9ZsLAs1QOg5ob1_3qg-rckwYW7yp1fIGj_pjNqEQ6Sn2AfvU=w240-h480-rw 400
 ⨯ upstream image response failed for https://play-lh.googleusercontent.com/BKKLaJj7vs6NNYQeOF_-v_KmF6gPn-9Hqb8cGhHvpJzOZOQrUoNJJjJJJJJJJJJJJJJ=w240-h480-rw 400
 ⨯ upstream image response failed for https://play-lh.googleusercontent.com/VRMWkE5p3CkWhJs6nv-9ZsLAs1QOg5ob1_3qg-rckwYW7yp1fIGj_pjNqEQ6Sn2AfvU=w240-h480-rw 400
 ⨯ upstream image response failed for https://play-lh.googleusercontent.com/BKKLaJj7vs6NNYQeOF_-v_KmF6gPn-9Hqb8cGhHvpJzOZOQrUoNJJjJJJJJJJJJJJJJ=w240-h480-rw 400
 ⨯ upstream image response failed for https://play-lh.googleusercontent.com/VRMWkE5p3CkWhJs6nv-9ZsLAs1QOg5ob1_3qg-rckwYW7yp1fIGj_pjNqEQ6Sn2AfvU=w240-h480-rw 400
 ⨯ upstream image response failed for https://play-lh.googleusercontent.com/BKKLaJj7vs6NNYQeOF_-v_KmF6gPn-9Hqb8cGhHvpJzOZOQrUoNJJjJJJJJJJJJJJJJ=w240-h480-rw 400
 ⨯ upstream image response failed for https://play-lh.googleusercontent.com/VRMWkE5p3CkWhJs6nv-9ZsLAs1QOg5ob1_3qg-rckwYW7yp1fIGj_pjNqEQ6Sn2AfvU=w240-h480-rw 400
 ⨯ upstream image response failed for https://play-lh.googleusercontent.com/BKKLaJj7vs6NNYQeOF_-v_KmF6gPn-9Hqb8cGhHvpJzOZOQrUoNJJjJJJJJJJJJJJJJ=w240-h480-rw 400
 ⨯ upstream image response failed for https://play-lh.googleusercontent.com/VRMWkE5p3CkWhJs6nv-9ZsLAs1QOg5ob1_3qg-rckwYW7yp1fIGj_pjNqEQ6Sn2AfvU=w240-h480-rw 400
 ⨯ upstream image response failed for https://play-lh.googleusercontent.com/BKKLaJj7vs6NNYQeOF_-v_KmF6gPn-9Hqb8cGhHvpJzOZOQrUoNJJjJJJJJJJJJJJJJ=w240-h480-rw 400
 ⨯ upstream image response failed for https://play-lh.googleusercontent.com/VRMWkE5p3CkWhJs6nv-9ZsLAs1QOg5ob1_3qg-rckwYW7yp1fIGj_pjNqEQ6Sn2AfvU=w240-h480-rw 400
 ⨯ upstream image response failed for https://play-lh.googleusercontent.com/BKKLaJj7vs6NNYQeOF_-v_KmF6gPn-9Hqb8cGhHvpJzOZOQrUoNJJjJJJJJJJJJJJJJ=w240-h480-rw 400
 ⨯ upstream image response failed for https://play-lh.googleusercontent.com/VRMWkE5p3CkWhJs6nv-9ZsLAs1QOg5ob1_3qg-rckwYW7yp1fIGj_pjNqEQ6Sn2AfvU=w240-h480-rw 400
 ⨯ upstream image response failed for https://play-lh.googleusercontent.com/BKKLaJj7vs6NNYQeOF_-v_KmF6gPn-9Hqb8cGhHvpJzOZOQrUoNJJjJJJJJJJJJJJJJ=w240-h480-rw 400
 ⨯ upstream image response failed for https://play-lh.googleusercontent.com/VRMWkE5p3CkWhJs6nv-9ZsLAs1QOg5ob1_3qg-rckwYW7yp1fIGj_pjNqEQ6Sn2AfvU=w240-h480-rw 400
 ⨯ upstream image response failed for https://play-lh.googleusercontent.com/BKKLaJj7vs6NNYQeOF_-v_KmF6gPn-9Hqb8cGhHvpJzOZOQrUoNJJjJJJJJJJJJJJJJ=w240-h480-rw 400
 ⨯ upstream image response failed for https://play-lh.googleusercontent.com/VRMWkE5p3CkWhJs6nv-9ZsLAs1QOg5ob1_3qg-rckwYW7yp1fIGj_pjNqEQ6Sn2AfvU=w240-h480-rw 400
 ⨯ upstream image response failed for https://play-lh.googleusercontent.com/BKKLaJj7vs6NNYQeOF_-v_KmF6gPn-9Hqb8cGhHvpJzOZOQrUoNJJjJJJJJJJJJJJJJ=w240-h480-rw 400
 ⨯ upstream image response failed for https://play-lh.googleusercontent.com/VRMWkE5p3CkWhJs6nv-9ZsLAs1QOg5ob1_3qg-rckwYW7yp1fIGj_pjNqEQ6Sn2AfvU=w240-h480-rw 400
 ⨯ upstream image response failed for https://play-lh.googleusercontent.com/BKKLaJj7vs6NNYQeOF_-v_KmF6gPn-9Hqb8cGhHvpJzOZOQrUoNJJjJJJJJJJJJJJJJ=w240-h480-rw 400
 ⨯ upstream image response failed for https://play-lh.googleusercontent.com/VRMWkE5p3CkWhJs6nv-9ZsLAs1QOg5ob1_3qg-rckwYW7yp1fIGj_pjNqEQ6Sn2AfvU=w240-h480-rw 400
 ⨯ upstream image response failed for https://play-lh.googleusercontent.com/BKKLaJj7vs6NNYQeOF_-v_KmF6gPn-9Hqb8cGhHvpJzOZOQrUoNJJjJJJJJJJJJJJJJ=w240-h480-rw 400
 ⨯ upstream image response failed for https://play-lh.googleusercontent.com/VRMWkE5p3CkWhJs6nv-9ZsLAs1QOg5ob1_3qg-rckwYW7yp1fIGj_pjNqEQ6Sn2AfvU=w240-h480-rw 400
 ⨯ upstream image response failed for https://play-lh.googleusercontent.com/BKKLaJj7vs6NNYQeOF_-v_KmF6gPn-9Hqb8cGhHvpJzOZOQrUoNJJjJJJJJJJJJJJJJ=w240-h480-rw 400
 ⨯ upstream image response failed for https://play-lh.googleusercontent.com/VRMWkE5p3CkWhJs6nv-9ZsLAs1QOg5ob1_3qg-rckwYW7yp1fIGj_pjNqEQ6Sn2AfvU=w240-h480-rw 400
 ⨯ upstream image response failed for https://play-lh.googleusercontent.com/BKKLaJj7vs6NNYQeOF_-v_KmF6gPn-9Hqb8cGhHvpJzOZOQrUoNJJjJJJJJJJJJJJJJ=w240-h480-rw 400
 ⨯ upstream image response failed for https://play-lh.googleusercontent.com/VRMWkE5p3CkWhJs6nv-9ZsLAs1QOg5ob1_3qg-rckwYW7yp1fIGj_pjNqEQ6Sn2AfvU=w240-h480-rw 400
 ⨯ upstream image response failed for https://play-lh.googleusercontent.com/BKKLaJj7vs6NNYQeOF_-v_KmF6gPn-9Hqb8cGhHvpJzOZOQrUoNJJjJJJJJJJJJJJJJ=w240-h480-rw 400
 ⨯ upstream image response failed for https://play-lh.googleusercontent.com/VRMWkE5p3CkWhJs6nv-9ZsLAs1QOg5ob1_3qg-rckwYW7yp1fIGj_pjNqEQ6Sn2AfvU=w240-h480-rw 400
 ⨯ upstream image response failed for https://play-lh.googleusercontent.com/BKKLaJj7vs6NNYQeOF_-v_KmF6gPn-9Hqb8cGhHvpJzOZOQrUoNJJjJJJJJJJJJJJJJ=w240-h480-rw 400
 ⨯ upstream image response failed for https://play-lh.googleusercontent.com/VRMWkE5p3CkWhJs6nv-9ZsLAs1QOg5ob1_3qg-rckwYW7yp1fIGj_pjNqEQ6Sn2AfvU=w240-h480-rw 400
 ⨯ upstream image response failed for https://play-lh.googleusercontent.com/BKKLaJj7vs6NNYQeOF_-v_KmF6gPn-9Hqb8cGhHvpJzOZOQrUoNJJjJJJJJJJJJJJJJ=w240-h480-rw 400
 ⨯ upstream image response failed for https://play-lh.googleusercontent.com/VRMWkE5p3CkWhJs6nv-9ZsLAs1QOg5ob1_3qg-rckwYW7yp1fIGj_pjNqEQ6Sn2AfvU=w240-h480-rw 400
 ⨯ upstream image response failed for https://play-lh.googleusercontent.com/BKKLaJj7vs6NNYQeOF_-v_KmF6gPn-9Hqb8cGhHvpJzOZOQrUoNJJjJJJJJJJJJJJJJ=w240-h480-rw 400
 ⨯ upstream image response failed for https://play-lh.googleusercontent.com/VRMWkE5p3CkWhJs6nv-9ZsLAs1QOg5ob1_3qg-rckwYW7yp1fIGj_pjNqEQ6Sn2AfvU=w240-h480-rw 400
 ⨯ upstream image response failed for https://play-lh.googleusercontent.com/BKKLaJj7vs6NNYQeOF_-v_KmF6gPn-9Hqb8cGhHvpJzOZOQrUoNJJjJJJJJJJJJJJJJ=w240-h480-rw 400
 ⨯ upstream image response failed for https://play-lh.googleusercontent.com/VRMWkE5p3CkWhJs6nv-9ZsLAs1QOg5ob1_3qg-rckwYW7yp1fIGj_pjNqEQ6Sn2AfvU=w240-h480-rw 400
 ⨯ upstream image response failed for https://play-lh.googleusercontent.com/BKKLaJj7vs6NNYQeOF_-v_KmF6gPn-9Hqb8cGhHvpJzOZOQrUoNJJjJJJJJJJJJJJJJ=w240-h480-rw 400
 ⨯ upstream image response failed for https://play-lh.googleusercontent.com/VRMWkE5p3CkWhJs6nv-9ZsLAs1QOg5ob1_3qg-rckwYW7yp1fIGj_pjNqEQ6Sn2AfvU=w240-h480-rw 400
 ⨯ upstream image response failed for https://play-lh.googleusercontent.com/BKKLaJj7vs6NNYQeOF_-v_KmF6gPn-9Hqb8cGhHvpJzOZOQrUoNJJjJJJJJJJJJJJJJ=w240-h480-rw 400
 ⨯ upstream image response failed for https://play-lh.googleusercontent.com/VRMWkE5p3CkWhJs6nv-9ZsLAs1QOg5ob1_3qg-rckwYW7yp1fIGj_pjNqEQ6Sn2AfvU=w240-h480-rw 400
 ⨯ upstream image response failed for https://play-lh.googleusercontent.com/BKKLaJj7vs6NNYQeOF_-v_KmF6gPn-9Hqb8cGhHvpJzOZOQrUoNJJjJJJJJJJJJJJJJ=w240-h480-rw 400
 ⨯ upstream image response failed for https://play-lh.googleusercontent.com/VRMWkE5p3CkWhJs6nv-9ZsLAs1QOg5ob1_3qg-rckwYW7yp1fIGj_pjNqEQ6Sn2AfvU=w240-h480-rw 400
 ⨯ upstream image response failed for https://play-lh.googleusercontent.com/BKKLaJj7vs6NNYQeOF_-v_KmF6gPn-9Hqb8cGhHvpJzOZOQrUoNJJjJJJJJJJJJJJJJ=w240-h480-rw 400
 ⨯ upstream image response failed for https://play-lh.googleusercontent.com/VRMWkE5p3CkWhJs6nv-9ZsLAs1QOg5ob1_3qg-rckwYW7yp1fIGj_pjNqEQ6Sn2AfvU=w240-h480-rw 400
 ⨯ upstream image response failed for https://play-lh.googleusercontent.com/BKKLaJj7vs6NNYQeOF_-v_KmF6gPn-9Hqb8cGhHvpJzOZOQrUoNJJjJJJJJJJJJJJJJ=w240-h480-rw 400
 ⨯ upstream image response failed for https://play-lh.googleusercontent.com/VRMWkE5p3CkWhJs6nv-9ZsLAs1QOg5ob1_3qg-rckwYW7yp1fIGj_pjNqEQ6Sn2AfvU=w240-h480-rw 400
 ⨯ upstream image response failed for https://play-lh.googleusercontent.com/BKKLaJj7vs6NNYQeOF_-v_KmF6gPn-9Hqb8cGhHvpJzOZOQrUoNJJjJJJJJJJJJJJJJ=w240-h480-rw 400
 ⨯ upstream image response failed for https://play-lh.googleusercontent.com/VRMWkE5p3CkWhJs6nv-9ZsLAs1QOg5ob1_3qg-rckwYW7yp1fIGj_pjNqEQ6Sn2AfvU=w240-h480-rw 400
 ⨯ upstream image response failed for https://play-lh.googleusercontent.com/BKKLaJj7vs6NNYQeOF_-v_KmF6gPn-9Hqb8cGhHvpJzOZOQrUoNJJjJJJJJJJJJJJJJ=w240-h480-rw 400
 ⨯ upstream image response failed for https://play-lh.googleusercontent.com/VRMWkE5p3CkWhJs6nv-9ZsLAs1QOg5ob1_3qg-rckwYW7yp1fIGj_pjNqEQ6Sn2AfvU=w240-h480-rw 400
 ⨯ upstream image response failed for https://play-lh.googleusercontent.com/BKKLaJj7vs6NNYQeOF_-v_KmF6gPn-9Hqb8cGhHvpJzOZOQrUoNJJjJJJJJJJJJJJJJ=w240-h480-rw 400
 ⨯ upstream image response failed for https://play-lh.googleusercontent.com/VRMWkE5p3CkWhJs6nv-9ZsLAs1QOg5ob1_3qg-rckwYW7yp1fIGj_pjNqEQ6Sn2AfvU=w240-h480-rw 400
 ⨯ upstream image response failed for https://play-lh.googleusercontent.com/BKKLaJj7vs6NNYQeOF_-v_KmF6gPn-9Hqb8cGhHvpJzOZOQrUoNJJjJJJJJJJJJJJJJ=w240-h480-rw 400
 ⨯ upstream image response failed for https://play-lh.googleusercontent.com/VRMWkE5p3CkWhJs6nv-9ZsLAs1QOg5ob1_3qg-rckwYW7yp1fIGj_pjNqEQ6Sn2AfvU=w240-h480-rw 400
 ⨯ upstream image response failed for https://play-lh.googleusercontent.com/BKKLaJj7vs6NNYQeOF_-v_KmF6gPn-9Hqb8cGhHvpJzOZOQrUoNJJjJJJJJJJJJJJJJ=w240-h480-rw 400
 ⨯ upstream image response failed for https://play-lh.googleusercontent.com/VRMWkE5p3CkWhJs6nv-9ZsLAs1QOg5ob1_3qg-rckwYW7yp1fIGj_pjNqEQ6Sn2AfvU=w240-h480-rw 400
 ⨯ upstream image response failed for https://play-lh.googleusercontent.com/BKKLaJj7vs6NNYQeOF_-v_KmF6gPn-9Hqb8cGhHvpJzOZOQrUoNJJjJJJJJJJJJJJJJ=w240-h480-rw 400
 ⨯ upstream image response failed for https://play-lh.googleusercontent.com/VRMWkE5p3CkWhJs6nv-9ZsLAs1QOg5ob1_3qg-rckwYW7yp1fIGj_pjNqEQ6Sn2AfvU=w240-h480-rw 400
 ⨯ upstream image response failed for https://play-lh.googleusercontent.com/BKKLaJj7vs6NNYQeOF_-v_KmF6gPn-9Hqb8cGhHvpJzOZOQrUoNJJjJJJJJJJJJJJJJ=w240-h480-rw 400
 ⨯ upstream image response failed for https://play-lh.googleusercontent.com/VRMWkE5p3CkWhJs6nv-9ZsLAs1QOg5ob1_3qg-rckwYW7yp1fIGj_pjNqEQ6Sn2AfvU=w240-h480-rw 400
 ⨯ upstream image response failed for https://play-lh.googleusercontent.com/BKKLaJj7vs6NNYQeOF_-v_KmF6gPn-9Hqb8cGhHvpJzOZOQrUoNJJjJJJJJJJJJJJJJ=w240-h480-rw 400
 ⨯ upstream image response failed for https://play-lh.googleusercontent.com/VRMWkE5p3CkWhJs6nv-9ZsLAs1QOg5ob1_3qg-rckwYW7yp1fIGj_pjNqEQ6Sn2AfvU=w240-h480-rw 400
 ⨯ upstream image response failed for https://play-lh.googleusercontent.com/BKKLaJj7vs6NNYQeOF_-v_KmF6gPn-9Hqb8cGhHvpJzOZOQrUoNJJjJJJJJJJJJJJJJ=w240-h480-rw 400
 ⨯ upstream image response failed for https://play-lh.googleusercontent.com/VRMWkE5p3CkWhJs6nv-9ZsLAs1QOg5ob1_3qg-rckwYW7yp1fIGj_pjNqEQ6Sn2AfvU=w240-h480-rw 400
 ⨯ upstream image response failed for https://play-lh.googleusercontent.com/BKKLaJj7vs6NNYQeOF_-v_KmF6gPn-9Hqb8cGhHvpJzOZOQrUoNJJjJJJJJJJJJJJJJ=w240-h480-rw 400
 ⚠ Unsupported metadata themeColor is configured in metadata export in /. Please move it to viewport export instead.
Read more: https://nextjs.org/docs/app/api-reference/functions/generate-viewport
 ⚠ Unsupported metadata viewport is configured in metadata export in /. Please move it to viewport export instead.
Read more: https://nextjs.org/docs/app/api-reference/functions/generate-viewport
 GET / 200 in 44ms (compile: 3ms, render: 42ms)
 ⨯ upstream image response failed for https://play-lh.googleusercontent.com/VRMWkE5p3CkWhJs6nv-9ZsLAs1QOg5ob1_3qg-rckwYW7yp1fIGj_pjNqEQ6Sn2AfvU=w240-h480-rw 400
 ⨯ upstream image response failed for https://play-lh.googleusercontent.com/BKKLaJj7vs6NNYQeOF_-v_KmF6gPn-9Hqb8cGhHvpJzOZOQrUoNJJjJJJJJJJJJJJJJ=w240-h480-rw 400
 ⨯ upstream image response failed for https://play-lh.googleusercontent.com/VRMWkE5p3CkWhJs6nv-9ZsLAs1QOg5ob1_3qg-rckwYW7yp1fIGj_pjNqEQ6Sn2AfvU=w240-h480-rw 400
 ⨯ upstream image response failed for https://play-lh.googleusercontent.com/BKKLaJj7vs6NNYQeOF_-v_KmF6gPn-9Hqb8cGhHvpJzOZOQrUoNJJjJJJJJJJJJJJJJ=w240-h480-rw 400
 ⨯ upstream image response failed for https://play-lh.googleusercontent.com/VRMWkE5p3CkWhJs6nv-9ZsLAs1QOg5ob1_3qg-rckwYW7yp1fIGj_pjNqEQ6Sn2AfvU=w240-h480-rw 400
 ⨯ upstream image response failed for https://play-lh.googleusercontent.com/BKKLaJj7vs6NNYQeOF_-v_KmF6gPn-9Hqb8cGhHvpJzOZOQrUoNJJjJJJJJJJJJJJJJ=w240-h480-rw 400
 ⚠ Unsupported metadata themeColor is configured in metadata export in /. Please move it to viewport export instead.
Read more: https://nextjs.org/docs/app/api-reference/functions/generate-viewport
 ⚠ Unsupported metadata viewport is configured in metadata export in /. Please move it to viewport export instead.
Read more: https://nextjs.org/docs/app/api-reference/functions/generate-viewport
 ⨯ upstream image response failed for https://play-lh.googleusercontent.com/VRMWkE5p3CkWhJs6nv-9ZsLAs1QOg5ob1_3qg-rckwYW7yp1fIGj_pjNqEQ6Sn2AfvU=w240-h480-rw 400
 ⨯ upstream image response failed for https://play-lh.googleusercontent.com/BKKLaJj7vs6NNYQeOF_-v_KmF6gPn-9Hqb8cGhHvpJzOZOQrUoNJJjJJJJJJJJJJJJJ=w240-h480-rw 400
 GET / 200 in 82ms (compile: 4ms, render: 79ms)
 ⨯ upstream image response failed for https://play-lh.googleusercontent.com/VRMWkE5p3CkWhJs6nv-9ZsLAs1QOg5ob1_3qg-rckwYW7yp1fIGj_pjNqEQ6Sn2AfvU=w240-h480-rw 400
 ⨯ upstream image response failed for https://play-lh.googleusercontent.com/BKKLaJj7vs6NNYQeOF_-v_KmF6gPn-9Hqb8cGhHvpJzOZOQrUoNJJjJJJJJJJJJJJJJ=w240-h480-rw 400
 ⨯ upstream image response failed for https://play-lh.googleusercontent.com/VRMWkE5p3CkWhJs6nv-9ZsLAs1QOg5ob1_3qg-rckwYW7yp1fIGj_pjNqEQ6Sn2AfvU=w240-h480-rw 400
 ⨯ upstream image response failed for https://play-lh.googleusercontent.com/BKKLaJj7vs6NNYQeOF_-v_KmF6gPn-9Hqb8cGhHvpJzOZOQrUoNJJjJJJJJJJJJJJJJ=w240-h480-rw 400
 ⨯ upstream image response failed for https://play-lh.googleusercontent.com/VRMWkE5p3CkWhJs6nv-9ZsLAs1QOg5ob1_3qg-rckwYW7yp1fIGj_pjNqEQ6Sn2AfvU=w240-h480-rw 400
 ⨯ upstream image response failed for https://play-lh.googleusercontent.com/BKKLaJj7vs6NNYQeOF_-v_KmF6gPn-9Hqb8cGhHvpJzOZOQrUoNJJjJJJJJJJJJJJJJ=w240-h480-rw 400
 ⨯ upstream image response failed for https://play-lh.googleusercontent.com/VRMWkE5p3CkWhJs6nv-9ZsLAs1QOg5ob1_3qg-rckwYW7yp1fIGj_pjNqEQ6Sn2AfvU=w240-h480-rw 400
 ⨯ upstream image response failed for https://play-lh.googleusercontent.com/BKKLaJj7vs6NNYQeOF_-v_KmF6gPn-9Hqb8cGhHvpJzOZOQrUoNJJjJJJJJJJJJJJJJ=w240-h480-rw 400
 ⨯ upstream image response failed for https://play-lh.googleusercontent.com/VRMWkE5p3CkWhJs6nv-9ZsLAs1QOg5ob1_3qg-rckwYW7yp1fIGj_pjNqEQ6Sn2AfvU=w240-h480-rw 400
 ⨯ upstream image response failed for https://play-lh.googleusercontent.com/BKKLaJj7vs6NNYQeOF_-v_KmF6gPn-9Hqb8cGhHvpJzOZOQrUoNJJjJJJJJJJJJJJJJ=w240-h480-rw 400
 ⨯ upstream image response failed for https://play-lh.googleusercontent.com/VRMWkE5p3CkWhJs6nv-9ZsLAs1QOg5ob1_3qg-rckwYW7yp1fIGj_pjNqEQ6Sn2AfvU=w240-h480-rw 400
 ⨯ upstream image response failed for https://play-lh.googleusercontent.com/BKKLaJj7vs6NNYQeOF_-v_KmF6gPn-9Hqb8cGhHvpJzOZOQrUoNJJjJJJJJJJJJJJJJ=w240-h480-rw 400
 ⚠ Unsupported metadata themeColor is configured in metadata export in /. Please move it to viewport export instead.
Read more: https://nextjs.org/docs/app/api-reference/functions/generate-viewport
 ⚠ Unsupported metadata viewport is configured in metadata export in /. Please move it to viewport export instead.
Read more: https://nextjs.org/docs/app/api-reference/functions/generate-viewport
 GET / 200 in 37ms (compile: 3ms, render: 34ms)
 ⨯ upstream image response failed for https://play-lh.googleusercontent.com/VRMWkE5p3CkWhJs6nv-9ZsLAs1QOg5ob1_3qg-rckwYW7yp1fIGj_pjNqEQ6Sn2AfvU=w240-h480-rw 400
 ⨯ upstream image response failed for https://play-lh.googleusercontent.com/BKKLaJj7vs6NNYQeOF_-v_KmF6gPn-9Hqb8cGhHvpJzOZOQrUoNJJjJJJJJJJJJJJJJ=w240-h480-rw 400
 ⨯ upstream image response failed for https://play-lh.googleusercontent.com/VRMWkE5p3CkWhJs6nv-9ZsLAs1QOg5ob1_3qg-rckwYW7yp1fIGj_pjNqEQ6Sn2AfvU=w240-h480-rw 400
 ⨯ upstream image response failed for https://play-lh.googleusercontent.com/BKKLaJj7vs6NNYQeOF_-v_KmF6gPn-9Hqb8cGhHvpJzOZOQrUoNJJjJJJJJJJJJJJJJ=w240-h480-rw 400
 ⨯ upstream image response failed for https://play-lh.googleusercontent.com/VRMWkE5p3CkWhJs6nv-9ZsLAs1QOg5ob1_3qg-rckwYW7yp1fIGj_pjNqEQ6Sn2AfvU=w240-h480-rw 400
 ⨯ upstream image response failed for https://play-lh.googleusercontent.com/BKKLaJj7vs6NNYQeOF_-v_KmF6gPn-9Hqb8cGhHvpJzOZOQrUoNJJjJJJJJJJJJJJJJ=w240-h480-rw 400
 ⨯ upstream image response failed for https://play-lh.googleusercontent.com/VRMWkE5p3CkWhJs6nv-9ZsLAs1QOg5ob1_3qg-rckwYW7yp1fIGj_pjNqEQ6Sn2AfvU=w240-h480-rw 400
 ⨯ upstream image response failed for https://play-lh.googleusercontent.com/BKKLaJj7vs6NNYQeOF_-v_KmF6gPn-9Hqb8cGhHvpJzOZOQrUoNJJjJJJJJJJJJJJJJ=w240-h480-rw 400
 ⨯ upstream image response failed for https://play-lh.googleusercontent.com/VRMWkE5p3CkWhJs6nv-9ZsLAs1QOg5ob1_3qg-rckwYW7yp1fIGj_pjNqEQ6Sn2AfvU=w240-h480-rw 400
 ⨯ upstream image response failed for https://play-lh.googleusercontent.com/BKKLaJj7vs6NNYQeOF_-v_KmF6gPn-9Hqb8cGhHvpJzOZOQrUoNJJjJJJJJJJJJJJJJ=w240-h480-rw 400
 ⨯ upstream image response failed for https://play-lh.googleusercontent.com/VRMWkE5p3CkWhJs6nv-9ZsLAs1QOg5ob1_3qg-rckwYW7yp1fIGj_pjNqEQ6Sn2AfvU=w240-h480-rw 400
 ⨯ upstream image response failed for https://play-lh.googleusercontent.com/BKKLaJj7vs6NNYQeOF_-v_KmF6gPn-9Hqb8cGhHvpJzOZOQrUoNJJjJJJJJJJJJJJJJ=w240-h480-rw 400
 ⨯ upstream image response failed for https://play-lh.googleusercontent.com/VRMWkE5p3CkWhJs6nv-9ZsLAs1QOg5ob1_3qg-rckwYW7yp1fIGj_pjNqEQ6Sn2AfvU=w240-h480-rw 400
 ⨯ upstream image response failed for https://play-lh.googleusercontent.com/BKKLaJj7vs6NNYQeOF_-v_KmF6gPn-9Hqb8cGhHvpJzOZOQrUoNJJjJJJJJJJJJJJJJ=w240-h480-rw 400
 ⨯ upstream image response failed for https://play-lh.googleusercontent.com/VRMWkE5p3CkWhJs6nv-9ZsLAs1QOg5ob1_3qg-rckwYW7yp1fIGj_pjNqEQ6Sn2AfvU=w240-h480-rw 400
 ⨯ upstream image response failed for https://play-lh.googleusercontent.com/BKKLaJj7vs6NNYQeOF_-v_KmF6gPn-9Hqb8cGhHvpJzOZOQrUoNJJjJJJJJJJJJJJJJ=w240-h480-rw 400
 ⨯ upstream image response failed for https://play-lh.googleusercontent.com/VRMWkE5p3CkWhJs6nv-9ZsLAs1QOg5ob1_3qg-rckwYW7yp1fIGj_pjNqEQ6Sn2AfvU=w240-h480-rw 400
 ⨯ upstream image response failed for https://play-lh.googleusercontent.com/BKKLaJj7vs6NNYQeOF_-v_KmF6gPn-9Hqb8cGhHvpJzOZOQrUoNJJjJJJJJJJJJJJJJ=w240-h480-rw 400
 ⨯ upstream image response failed for https://play-lh.googleusercontent.com/VRMWkE5p3CkWhJs6nv-9ZsLAs1QOg5ob1_3qg-rckwYW7yp1fIGj_pjNqEQ6Sn2AfvU=w240-h480-rw 400
 ⨯ upstream image response failed for https://play-lh.googleusercontent.com/BKKLaJj7vs6NNYQeOF_-v_KmF6gPn-9Hqb8cGhHvpJzOZOQrUoNJJjJJJJJJJJJJJJJ=w240-h480-rw 400
 ⨯ upstream image response failed for https://play-lh.googleusercontent.com/VRMWkE5p3CkWhJs6nv-9ZsLAs1QOg5ob1_3qg-rckwYW7yp1fIGj_pjNqEQ6Sn2AfvU=w240-h480-rw 400
 ⨯ upstream image response failed for https://play-lh.googleusercontent.com/BKKLaJj7vs6NNYQeOF_-v_KmF6gPn-9Hqb8cGhHvpJzOZOQrUoNJJjJJJJJJJJJJJJJ=w240-h480-rw 400
 ⨯ upstream image response failed for https://play-lh.googleusercontent.com/VRMWkE5p3CkWhJs6nv-9ZsLAs1QOg5ob1_3qg-rckwYW7yp1fIGj_pjNqEQ6Sn2AfvU=w240-h480-rw 400
 ⨯ upstream image response failed for https://play-lh.googleusercontent.com/BKKLaJj7vs6NNYQeOF_-v_KmF6gPn-9Hqb8cGhHvpJzOZOQrUoNJJjJJJJJJJJJJJJJ=w240-h480-rw 400
 ⨯ upstream image response failed for https://play-lh.googleusercontent.com/VRMWkE5p3CkWhJs6nv-9ZsLAs1QOg5ob1_3qg-rckwYW7yp1fIGj_pjNqEQ6Sn2AfvU=w240-h480-rw 400
 ⨯ upstream image response failed for https://play-lh.googleusercontent.com/BKKLaJj7vs6NNYQeOF_-v_KmF6gPn-9Hqb8cGhHvpJzOZOQrUoNJJjJJJJJJJJJJJJJ=w240-h480-rw 400
 ⨯ upstream image response failed for https://play-lh.googleusercontent.com/VRMWkE5p3CkWhJs6nv-9ZsLAs1QOg5ob1_3qg-rckwYW7yp1fIGj_pjNqEQ6Sn2AfvU=w240-h480-rw 400
 ⨯ upstream image response failed for https://play-lh.googleusercontent.com/BKKLaJj7vs6NNYQeOF_-v_KmF6gPn-9Hqb8cGhHvpJzOZOQrUoNJJjJJJJJJJJJJJJJ=w240-h480-rw 400
 ⨯ upstream image response failed for https://play-lh.googleusercontent.com/VRMWkE5p3CkWhJs6nv-9ZsLAs1QOg5ob1_3qg-rckwYW7yp1fIGj_pjNqEQ6Sn2AfvU=w240-h480-rw 400
 ⨯ upstream image response failed for https://play-lh.googleusercontent.com/BKKLaJj7vs6NNYQeOF_-v_KmF6gPn-9Hqb8cGhHvpJzOZOQrUoNJJjJJJJJJJJJJJJJ=w240-h480-rw 400
 ⨯ upstream image response failed for https://play-lh.googleusercontent.com/VRMWkE5p3CkWhJs6nv-9ZsLAs1QOg5ob1_3qg-rckwYW7yp1fIGj_pjNqEQ6Sn2AfvU=w240-h480-rw 400
 ⨯ upstream image response failed for https://play-lh.googleusercontent.com/BKKLaJj7vs6NNYQeOF_-v_KmF6gPn-9Hqb8cGhHvpJzOZOQrUoNJJjJJJJJJJJJJJJJ=w240-h480-rw 400
 ⨯ upstream image response failed for https://play-lh.googleusercontent.com/VRMWkE5p3CkWhJs6nv-9ZsLAs1QOg5ob1_3qg-rckwYW7yp1fIGj_pjNqEQ6Sn2AfvU=w240-h480-rw 400
 ⨯ upstream image response failed for https://play-lh.googleusercontent.com/BKKLaJj7vs6NNYQeOF_-v_KmF6gPn-9Hqb8cGhHvpJzOZOQrUoNJJjJJJJJJJJJJJJJ=w240-h480-rw 400
 ⨯ upstream image response failed for https://play-lh.googleusercontent.com/VRMWkE5p3CkWhJs6nv-9ZsLAs1QOg5ob1_3qg-rckwYW7yp1fIGj_pjNqEQ6Sn2AfvU=w240-h480-rw 400
 ⨯ upstream image response failed for https://play-lh.googleusercontent.com/BKKLaJj7vs6NNYQeOF_-v_KmF6gPn-9Hqb8cGhHvpJzOZOQrUoNJJjJJJJJJJJJJJJJ=w240-h480-rw 400
 ⨯ upstream image response failed for https://play-lh.googleusercontent.com/VRMWkE5p3CkWhJs6nv-9ZsLAs1QOg5ob1_3qg-rckwYW7yp1fIGj_pjNqEQ6Sn2AfvU=w240-h480-rw 400
 ⨯ upstream image response failed for https://play-lh.googleusercontent.com/BKKLaJj7vs6NNYQeOF_-v_KmF6gPn-9Hqb8cGhHvpJzOZOQrUoNJJjJJJJJJJJJJJJJ=w240-h480-rw 400
 ⨯ upstream image response failed for https://play-lh.googleusercontent.com/VRMWkE5p3CkWhJs6nv-9ZsLAs1QOg5ob1_3qg-rckwYW7yp1fIGj_pjNqEQ6Sn2AfvU=w240-h480-rw 400
 ⨯ upstream image response failed for https://play-lh.googleusercontent.com/BKKLaJj7vs6NNYQeOF_-v_KmF6gPn-9Hqb8cGhHvpJzOZOQrUoNJJjJJJJJJJJJJJJJ=w240-h480-rw 400
 ⨯ upstream image response failed for https://play-lh.googleusercontent.com/VRMWkE5p3CkWhJs6nv-9ZsLAs1QOg5ob1_3qg-rckwYW7yp1fIGj_pjNqEQ6Sn2AfvU=w240-h480-rw 400
 ⨯ upstream image response failed for https://play-lh.googleusercontent.com/BKKLaJj7vs6NNYQeOF_-v_KmF6gPn-9Hqb8cGhHvpJzOZOQrUoNJJjJJJJJJJJJJJJJ=w240-h480-rw 400
 ⨯ upstream image response failed for https://play-lh.googleusercontent.com/VRMWkE5p3CkWhJs6nv-9ZsLAs1QOg5ob1_3qg-rckwYW7yp1fIGj_pjNqEQ6Sn2AfvU=w240-h480-rw 400
 ⨯ upstream image response failed for https://play-lh.googleusercontent.com/BKKLaJj7vs6NNYQeOF_-v_KmF6gPn-9Hqb8cGhHvpJzOZOQrUoNJJjJJJJJJJJJJJJJ=w240-h480-rw 400
